instance,best_known,IBS_forward_bound_primal,IBS_forward_bound_time_to_best_known,IBS_forward_bound_time_opt,IBS_bi_min_bound_primal,IBS_bi_min_bound_time_to_best_known,IBS_bi_min_bound_time_opt,IBS_forward_idle_primal,IBS_forward_idle_time_to_best_known,IBS_forward_idle_time_opt,IBS_bi_min_idle_primal,IBS_bi_min_idle_time_to_best_known,IBS_bi_min_idle_time_opt,IBS_forward_alpha_primal,IBS_forward_alpha_time_to_best_known,IBS_forward_alpha_time_opt,IBS_bi_min_alpha_primal,IBS_bi_min_alpha_time_to_best_known,IBS_bi_min_alpha_time_opt,IBS_forward_walpha_primal,IBS_forward_walpha_time_to_best_known,IBS_forward_walpha_time_opt,IBS_bi_min_walpha_primal,IBS_bi_min_walpha_time_to_best_known,IBS_bi_min_walpha_time_opt,IBS_forward_gap_primal,IBS_forward_gap_time_to_best_known,IBS_forward_gap_time_opt,IBS_bi_min_gap_primal,IBS_bi_min_gap_time_to_best_known,IBS_bi_min_gap_time_opt,IGbob_30_primal,IGbob_30_time_to_best_known,IGbob_30_time_opt,IGbob_45_primal,IGbob_45_time_to_best_known,IGbob_45_time_opt,IGbob_90_primal,IGbob_90_time_to_best_known,IGbob_90_time_opt
TA20_5_0,1278,1297,-,-,1278,0.04828125238418579,0.04868500307202339,1291,-,-,1278,0.2299840897321701,0.23507092893123627,1297,-,-,1278,0.1416824758052826,0.14521987736225128,1309,-,-,1278,0.025569071993231773,0.027168115600943565,1297,-,-,1278,0.002012063981965184,0.024574460461735725,1278,-,-,1278,-,-,1278,-,-
TA20_5_1,1359,1359,0.006135654170066118,0.007961584255099297,1359,0.0064426991157233715,0.0074134268797934055,1359,0.12901577353477478,0.13126243650913239,1359,0.1412782520055771,0.14393436908721924,1359,0.09965870529413223,0.100845567882061,1359,0.12196555733680725,0.12347240746021271,1367,-,-,1359,0.07773058861494064,0.07980135828256607,1367,-,-,1359,0.06668213754892349,0.0671032965183258,1359,-,-,1359,-,-,1359,-,-
TA20_5_2,1081,1091,-,-,1081,0.010843276046216488,0.011796480976045132,1081,0.3167021870613098,-,1081,0.01035836897790432,0.012363489717245102,1081,0.3055620491504669,-,1081,0.012772570364177227,0.013997644186019897,1107,-,-,1081,0.020403459668159485,0.042827025055885315,1160,-,-,1081,0.013493423350155354,0.02880479022860527,1081,-,-,1081,-,-,1081,-,-
TA20_5_3,1293,1388,-,-,1293,0.020538445562124252,0.031559333205223083,1301,-,-,1293,0.006306924857199192,0.00771505618467927,1301,-,-,1293,0.007033338770270348,0.007564585190266371,1402,-,-,1293,0.023298030719161034,0.025996588170528412,1402,-,-,1293,0.0030212749261409044,0.004769457969814539,1293,-,-,1293,-,-,1293,-,-
TA20_5_4,1235,1311,-,-,1235,0.16234028339385986,0.18189512193202972,1311,-,-,1235,0.040873102843761444,0.08413033932447433,1301,-,-,1235,0.03796352818608284,0.07087910175323486,1271,-,-,1235,0.019722063094377518,0.10044807940721512,1277,-,-,1235,0.05200330168008804,0.06998120248317719,1235,-,-,1235,-,-,1235,-,-
TA20_5_5,1195,1210,-,-,1195,0.0008412249735556543,0.011768702417612076,1225,-,4.506243705749512,1195,0.15139898657798767,0.15437212586402893,1225,-,-,1195,0.011514684185385704,0.011861030012369156,1255,-,-,1195,0.07277218252420425,0.0733279138803482,1283,-,-,1195,0.0015008259797468781,0.07106736302375793,1195,-,-,1195,-,-,1195,-,-
TA20_5_6,1234,1234,2.593320846557617,-,1234,0.0007120239897631109,0.001252494053915143,1259,-,-,1234,0.0484938845038414,0.05132443085312843,1259,-,-,1234,0.020249735563993454,0.021327156573534012,1251,-,-,1234,0.02934124879539013,0.031024495139718056,1283,-,-,1234,0.0012917770072817802,0.011353620328009129,1234,-,-,1234,-,-,1234,-,-
TA20_5_7,1206,1211,-,-,1206,0.03705954551696777,0.04878825694322586,1206,0.08486001938581467,-,1206,0.004341146908700466,0.005607575178146362,1206,0.0877053514122963,-,1206,0.005914024077355862,0.00699742091819644,1302,-,-,1206,0.004020335152745247,0.004644149914383888,1213,-,-,1206,0.0012216069735586643,0.0031387379858642817,1206,-,-,1206,-,-,1206,-,-
TA20_5_8,1230,1240,-,-,1230,0.008125864900648594,0.00979658029973507,1253,-,-,1230,0.061025697737932205,0.061806824058294296,1240,-,-,1230,0.049177009612321854,0.05004337430000305,1278,-,-,1230,0.03274145722389221,0.033595118671655655,1298,-,-,1230,0.0052686771377921104,0.0061641111969947815,1230,-,-,1230,-,-,1230,-,-
TA20_5_9,1108,1117,-,-,1108,0.013999107293784618,0.025468720123171806,1111,-,-,1108,0.010276026092469692,0.012649604119360447,1111,-,-,1108,0.006524039898067713,0.010903514921665192,1127,-,-,1108,0.0047128829173743725,0.006295256782323122,1162,-,-,1108,0.002490848070010543,0.003491444978863001,1108,-,-,1108,-,-,1108,-,-
TA20_10_0,1582,1586,-,-,1582,1.1971471309661865,1.197648048400879,1582,4.527706146240234,-,1582,0.2943316102027893,1.1576862335205078,1582,3.86271595954895,-,1582,0.2559870183467865,1.1262331008911133,1651,-,-,1582,0.05435662716627121,1.1580485105514526,1651,-,-,1582,1.3354018926620483,1.3357120752334595,1582,-,-,1582,-,-,1582,-,-
TA20_10_1,1659,1683,-,-,1659,0.6232613325119019,0.8526620864868164,1669,-,-,1659,3.1750545501708984,3.45886492729187,1669,-,-,1659,1.4652729034423828,1.7029001712799072,1766,-,-,1659,0.03601255267858505,0.7148661017417908,1766,-,-,1659,0.6408162713050842,0.8731650114059448,1659,-,-,1659,-,-,1659,-,-
TA20_10_2,1496,1525,-,-,1496,1.5226714611053467,1.9290740489959717,1502,-,-,1496,1.6410653591156006,2.099140167236328,1501,-,-,1496,0.9998037219047546,1.4604583978652954,1639,-,-,1496,0.12676364183425903,1.1832183599472046,1639,-,-,1496,1.2245724201202393,1.6406594514846802,1496,-,-,1496,-,-,1496,-,-
TA20_10_3,1377,1397,-,-,1377,0.17898595333099365,0.1792694628238678,1377,6.369695663452148,-,1377,0.3855687975883484,0.42162269353866577,1377,5.256030082702637,-,1377,0.1136765107512474,0.21668091416358948,1531,-,-,1377,0.21929574012756348,0.28527912497520447,1471,-,-,1377,0.27842962741851807,0.2787085771560669,1377,-,-,1377,-,-,1377,-,-
TA20_10_4,1419,1431,-,-,1419,0.5086706280708313,0.5815972089767456,1419,0.09239975363016129,-,1419,2.091749429702759,2.1712727546691895,1419,0.06798142939805984,-,1419,0.5095044374465942,0.5866757035255432,1578,-,-,1419,0.2727258801460266,0.5221323370933533,1578,-,-,1419,0.4111725986003876,0.48263147473335266,1419,-,-,1419,-,-,1419,-,-
TA20_10_5,1397,1424,-,-,1397,0.11061486601829529,0.11758788675069809,1411,-,-,1397,0.6478074193000793,0.6690301895141602,1412,-,-,1397,0.5697722434997559,0.5772699117660522,1542,-,-,1397,0.06544096767902374,0.07183592766523361,1542,-,-,1397,0.13817764818668365,0.1528426855802536,1397,-,-,1397,-,-,1397,-,-
TA20_10_6,1484,1515,-,-,1484,5.322525978088379,-,1513,-,-,1524,-,-,1505,-,-,1524,-,-,1609,-,-,1484,1.2278618812561035,-,1557,-,-,1484,5.2904253005981445,-,1484,-,-,1484,-,-,1484,-,-
TA20_10_7,1538,1595,-,-,1538,1.0216275453567505,1.2739945650100708,1544,-,-,1538,2.501218795776367,2.5015158653259277,1544,-,-,1538,2.7055916786193848,2.7061944007873535,1672,-,-,1538,0.2001665085554123,0.7319823503494263,1664,-,-,1538,0.9543591141700745,1.230217456817627,1538,-,-,1538,-,-,1538,-,-
TA20_10_8,1593,1614,-,-,1593,0.03165128827095032,0.03260001540184021,1593,1.8168730735778809,-,1593,0.19869045913219452,0.19902552664279938,1593,2.058505058288574,-,1593,0.09013304859399796,0.09080560505390167,1689,-,-,1593,0.18148525059223175,0.1839788407087326,1689,-,-,1593,0.08552905172109604,0.08619402348995209,1593,-,-,1593,-,-,1593,-,-
TA20_10_9,1591,1690,-,-,1591,2.9771509170532227,3.7462735176086426,1604,-,-,1591,5.293062210083008,5.293406963348389,1625,-,-,1591,5.410343647003174,5.411083698272705,1770,-,-,1591,0.04627343639731407,2.277595043182373,1757,-,-,1591,3.1197352409362793,3.915480613708496,1591,-,-,1591,-,-,1591,-,-
TA20_20_0,2297,2386,-,-,2325,-,-,2354,-,-,2319,-,-,2354,-,18.010452270507812,2319,-,18.039682388305664,2442,-,-,2300,-,-,2442,-,-,2325,-,-,2297,-,-,2297,-,-,2297,-,-
TA20_20_1,2099,2174,-,-,2119,-,-,2101,-,-,2181,-,-,2101,-,-,2181,-,-,2301,-,-,2101,-,-,2301,-,-,2119,-,-,2099,-,-,2099,-,-,2099,-,-
TA20_20_2,2326,2434,-,-,2346,-,-,2383,-,-,2390,-,-,2385,-,-,2390,-,-,2487,-,-,2344,-,-,2487,-,-,2346,-,-,2326,-,-,2326,-,-,2326,-,-
TA20_20_3,2223,2271,-,-,2238,-,-,2229,-,-,2250,-,-,2233,-,-,2247,-,-,2437,-,-,2237,-,-,2437,-,-,2241,-,-,2223,-,-,2223,-,-,2223,-,-
TA20_20_4,2291,2401,-,-,2313,-,-,2319,-,-,2304,-,-,2331,-,-,2303,-,-,2458,-,-,2297,-,-,2458,-,18.018613815307617,2313,-,-,2291,-,-,2291,-,-,2291,-,-
TA20_20_5,2226,2258,-,-,2241,-,-,2228,-,18.012950897216797,2244,-,-,2228,-,-,2244,-,-,2367,-,-,2229,-,18.009130477905273,2367,-,-,2241,-,-,2226,-,-,2226,-,-,2226,-,-
TA20_20_6,2273,2325,-,-,2305,-,-,2273,0.28844398260116577,18.03350067138672,2293,-,-,2273,0.23396211862564087,-,2293,-,-,2436,-,-,2291,-,-,2404,-,-,2295,-,-,2273,-,-,2273,-,-,2273,-,-
TA20_20_7,2200,2339,-,-,2200,13.765230178833008,-,2227,-,-,2212,-,-,2222,-,-,2212,-,-,2405,-,-,2200,16.08408546447754,-,2399,-,-,2200,15.324164390563965,-,2200,-,-,2200,-,-,2200,-,-
TA20_20_8,2237,2303,-,-,2237,8.171195030212402,-,2240,-,-,2341,-,-,2240,-,-,2341,-,-,2416,-,-,2237,0.34463411569595337,-,2416,-,-,2237,8.514355659484863,-,2237,-,-,2237,-,-,2237,-,-
TA20_20_9,2178,2235,-,-,2178,6.695164680480957,-,2178,14.418298721313477,-,2267,-,-,2178,14.934290885925293,-,2267,-,-,2321,-,-,2178,0.169785276055336,-,2373,-,-,2178,6.815037250518799,-,2178,-,-,2178,-,-,2178,-,-
TA50_5_0,2724,2724,4.66562557220459,-,2724,0.0013531260192394257,0.001798621960915625,2752,-,-,2724,0.017163768410682678,0.01761196181178093,2752,-,-,2724,0.016023194417357445,0.01661962829530239,2880,-,-,2729,-,-,2853,-,-,2724,0.0019749959465116262,0.002469578990712762,2724,-,-,2724,-,-,2724,-,-
TA50_5_1,2834,2855,-,-,2834,0.0008139929850585759,0.0011317620519548655,2834,0.4624902904033661,0.4637051224708557,2834,0.1340259313583374,0.13467350602149963,2834,0.08656733483076096,0.0871388167142868,2834,0.15453852713108063,0.1555606722831726,3018,-,-,2834,2.6560676097869873,2.699725866317749,3018,-,-,2834,0.004882303066551685,0.00526628689840436,2834,-,-,2834,-,-,2834,-,-
TA50_5_2,2621,2647,-,-,2621,0.003091075923293829,0.01413373090326786,2647,-,-,2621,0.04268927872180939,0.04315727949142456,2648,-,-,2621,0.04969672113656998,0.050155140459537506,2838,-,-,2622,-,-,2750,-,-,2621,0.021595444530248642,0.022121159359812737,2621,-,-,2621,-,-,2621,-,-
TA50_5_3,2751,2764,-,-,2751,0.0007914769812487066,0.0011143969604745507,2770,-,-,2751,0.15858225524425507,0.15958088636398315,2770,-,-,2751,0.6597417593002319,0.6627177596092224,3020,-,-,2751,0.36902037262916565,0.37168508768081665,2922,-,-,2751,0.0017335519660264254,0.003538053948432207,2751,-,-,2751,-,-,2751,-,-
TA50_5_4,2863,2863,0.3439468741416931,-,2863,0.009161947295069695,0.009764106012880802,2864,-,-,2863,0.007451922167092562,0.007828411646187305,2864,-,-,2863,0.07838023453950882,0.07879510521888733,3057,-,-,2863,0.06213171035051346,0.06293395906686783,3057,-,-,2863,0.004704571794718504,0.005310597829520702,2863,-,-,2863,-,-,2863,-,-
TA50_5_5,2829,2845,-,-,2829,0.0011208560317754745,0.001570650958456099,2864,-,-,2829,0.7098515629768372,0.7128965258598328,2876,-,-,2829,0.09012749046087265,0.0907924547791481,3005,-,-,2829,2.7486677169799805,2.764187812805176,2980,-,-,2829,0.004664270207285881,0.016417203471064568,2829,-,-,2829,-,-,2829,-,-
TA50_5_6,2725,2746,-,-,2725,0.0017822469817474484,0.02340511605143547,2745,-,-,2725,0.09267523139715195,0.0951879546046257,2745,-,-,2725,0.17353051900863647,0.17454279959201813,2976,-,-,2735,-,-,2976,-,-,2725,0.005959878209978342,0.0064039211720228195,2725,-,-,2725,-,-,2725,-,-
TA50_5_7,2683,2708,-,-,2683,0.00034738099202513695,0.0007557030185125768,2705,-,-,2683,0.02899395115673542,0.029426556080579758,2705,-,-,2683,0.014274397864937782,0.014650832861661911,2923,-,-,2683,0.3623032867908478,0.3642385005950928,2902,-,-,2683,0.0003963630006182939,0.0008195459959097207,2683,-,-,2683,-,-,2683,-,-
TA50_5_8,2552,2576,-,-,2552,0.0007905500242486596,0.001125604030676186,2627,-,-,2552,0.18297432363033295,0.18402452766895294,2640,-,-,2552,0.3295460045337677,0.331265389919281,2778,-,-,2552,1.3621114492416382,1.3704533576965332,2716,-,-,2552,0.004573035053908825,0.005091920029371977,2552,-,-,2552,-,-,2552,-,-
TA50_5_9,2782,2783,-,-,2782,0.0017682630568742752,0.006826612167060375,2786,-,-,2782,0.7047143578529358,0.7074124813079834,2789,-,-,2782,0.360576331615448,0.3621142506599426,2994,-,-,2782,2.9892773628234863,3.03861665725708,2957,-,-,2782,0.0018309029983356595,0.0031244370620697737,2782,-,-,2782,-,-,2782,-,-
TA50_10_0,2991,3143,-,-,2991,0.304629385471344,0.4739847779273987,3112,-,-,3090,-,-,3037,-,-,3044,-,-,3579,-,-,3007,-,-,3579,-,-,2991,0.44798845052719116,0.5415045619010925,3022,-,-,3014,-,-,3022,-,-
TA50_10_1,2867,3078,-,-,2890,-,-,2911,-,-,3036,-,-,2911,-,-,3047,-,-,3411,-,-,2870,-,-,3411,-,-,2891,-,-,2873,-,-,2874,-,-,2870,-,-
TA50_10_2,2839,3043,-,-,2839,18.217233657836914,21.838722229003906,2897,-,-,2920,-,-,2913,-,-,2917,-,-,3393,-,-,2859,-,-,3434,-,-,2839,20.59745216369629,22.5633602142334,2852,-,-,2852,-,-,2852,-,-
TA50_10_3,3063,3153,-,-,3063,0.0805472731590271,0.08282823115587234,3103,-,-,3144,-,-,3102,-,-,3119,-,-,3557,-,-,3073,-,-,3499,-,-,3063,0.08897905796766281,0.0894717425107956,3063,-,-,3063,-,-,3063,-,-
TA50_10_4,2976,3163,-,-,2976,0.7558363080024719,0.8045534491539001,3039,-,-,3125,-,-,3060,-,-,3102,-,-,3509,-,-,3014,-,-,3577,-,-,2976,0.4923205077648163,0.5429961681365967,2981,-,-,2977,-,-,2977,-,-
TA50_10_5,3006,3105,-,-,3006,0.11958444863557816,0.12065675109624863,3069,-,-,3147,-,-,3075,-,-,3063,-,-,3478,-,-,3020,-,-,3478,-,-,3006,0.03273869678378105,0.033999618142843246,3006,-,-,3006,-,-,3006,-,-
TA50_10_6,3093,3312,-,-,3093,4.988711357116699,4.989406585693359,3309,-,-,3227,-,-,3313,-,-,3199,-,-,3603,-,-,3127,-,-,3570,-,-,3093,3.594526529312134,3.595315456390381,3101,-,-,3098,-,-,3098,-,-
TA50_10_7,3037,3150,-,-,3037,1.4663721323013306,1.471122145652771,3116,-,-,3136,-,-,3128,-,-,3075,-,-,3622,-,-,3059,-,-,3622,-,-,3037,0.041671063750982285,0.046451035887002945,3038,-,-,3038,-,-,3038,-,-
TA50_10_8,2897,3057,-,-,2897,0.04470163211226463,0.049442969262599945,2945,-,-,3073,-,-,2945,-,-,3042,-,-,3401,-,-,2899,-,-,3401,-,-,2897,0.0551578514277935,0.06008569523692131,2901,-,-,2901,-,-,2901,-,-
TA50_10_9,3065,3297,-,-,3067,-,22.513206481933594,3360,-,-,3254,-,-,3360,-,-,3262,-,-,3585,-,-,3100,-,-,3588,-,-,3067,-,-,3078,-,-,3078,-,-,3078,-,-
TA50_20_0,3850,4136,-,-,3977,-,-,3925,-,-,4384,-,-,3931,-,-,4368,-,-,4583,-,-,3858,-,-,4592,-,-,3953,-,-,3862,-,-,3868,-,-,3862,-,-
TA50_20_1,3704,4087,-,-,3823,-,-,3750,-,-,4139,-,-,3769,-,-,4086,-,-,4445,-,-,3711,-,-,4445,-,-,3816,-,-,3710,-,-,3711,-,-,3708,-,-
TA50_20_2,3640,4065,-,-,3711,-,-,3678,-,-,3811,-,-,3678,-,-,3779,-,-,4389,-,-,3659,-,-,4389,-,-,3714,-,-,3658,-,-,3649,-,-,3650,-,-
TA50_20_3,3723,4039,-,-,3840,-,-,3827,-,-,3925,-,-,3816,-,-,3918,-,-,4418,-,-,3739,-,-,4408,-,-,3854,-,-,3734,-,-,3731,-,-,3732,-,-
TA50_20_4,3611,4034,-,-,3713,-,-,3680,-,-,3827,-,-,3703,-,-,3827,-,-,4343,-,-,3635,-,-,4343,-,-,3720,-,-,3620,-,-,3614,-,-,3615,-,-
TA50_20_5,3681,4120,-,-,3729,-,-,3874,-,-,3993,-,-,3909,-,-,3978,-,-,4442,-,-,3691,-,-,4442,-,-,3721,-,-,3688,-,-,3686,-,-,3687,-,-
TA50_20_6,3704,3957,-,-,3792,-,-,3802,-,-,3817,-,-,3804,-,-,3817,-,-,4471,-,-,3722,-,-,4471,-,-,3792,-,-,3716,-,-,3711,-,-,3713,-,-
TA50_20_7,3691,4095,-,-,3787,-,-,3793,-,-,3899,-,-,3789,-,-,3908,-,-,4426,-,-,3716,-,-,4417,-,-,3787,-,-,3700,-,-,3700,-,-,3698,-,-
TA50_20_8,3743,4128,-,-,3846,-,-,3827,-,-,3866,-,-,3816,-,-,3948,-,-,4516,-,-,3773,-,-,4516,-,-,3846,-,-,3754,-,-,3756,-,-,3751,-,-
TA50_20_9,3756,4066,-,-,3829,-,-,3807,-,-,4102,-,-,3788,-,-,4218,-,-,4440,-,-,3767,-,-,4440,-,-,3829,-,-,3767,-,-,3767,-,-,3767,-,-
TA100_5_0,5493,5495,-,-,5493,0.0041600498370826244,0.004893139004707336,5500,-,-,5513,-,-,5495,-,-,5515,-,-,5790,-,-,5493,12.229825019836426,12.423124313354492,5709,-,-,5493,1.4865198135375977,1.4970099925994873,5493,-,-,5493,-,-,5493,-,-
TA100_5_1,5268,5295,-,-,5268,0.022732533514499664,0.02498706243932247,5268,0.17330841720104218,-,5268,0.24510225653648376,0.24632489681243896,5283,-,-,5268,0.2901453971862793,0.2912285327911377,5646,-,-,5268,1.4046348333358765,1.4163403511047363,5536,-,-,5268,0.05426039174199104,0.055361442267894745,5268,-,-,5268,-,-,5268,-,-
TA100_5_2,5175,5198,-,-,5175,0.006339338142424822,0.00711491284891963,5178,-,-,5175,0.03616674244403839,0.047979049384593964,5189,-,-,5175,0.027729671448469162,0.038326364010572433,5533,-,-,5175,2.7144341468811035,2.7393484115600586,5551,-,-,5175,0.004099181853234768,0.004888000898063183,5175,-,-,5175,-,-,5175,-,-
TA100_5_3,5014,5035,-,-,5014,0.011419437825679779,0.012489059008657932,5034,-,-,5014,0.38582393527030945,0.3867444097995758,5035,-,-,5014,0.4100166857242584,0.4109467566013336,5441,-,-,5018,-,-,5237,-,-,5014,0.009608888067305088,0.010434199124574661,5014,-,-,5014,-,-,5014,-,-
TA100_5_4,5250,5267,-,-,5250,0.013033312745392323,0.013668655417859554,5258,-,-,5250,0.14737917482852936,0.1494797021150589,5260,-,-,5250,0.11833872646093369,0.11916787922382355,5719,-,-,5253,-,-,5603,-,-,5250,0.01445705071091652,0.01520742941647768,5250,-,-,5250,-,-,5250,-,-
TA100_5_5,5135,5147,-,-,5135,0.010732736438512802,0.011313699185848236,5135,1.975259780883789,1.9781413078308105,5155,-,-,5135,2.186917304992676,2.188281536102295,5155,-,-,5625,-,-,5135,0.7265827655792236,0.7295061349868774,5441,-,-,5135,0.02541101537644863,0.02618505246937275,5135,-,-,5135,-,-,5135,-,-
TA100_5_6,5246,5279,-,-,5246,0.009008233435451984,0.00954433437436819,5304,-,-,5246,1.4037981033325195,1.4059839248657227,5305,-,-,5246,0.22067733108997345,0.22147506475448608,5612,-,-,5247,-,-,5463,-,-,5246,0.017432428896427155,0.018077902495861053,5246,-,-,5246,-,-,5246,-,-
TA100_5_7,5094,5101,-,-,5094,0.005231285933405161,0.005895460024476051,5099,-,-,5094,1.3548355102539062,1.3569592237472534,5099,-,-,5094,1.7095520496368408,1.7118821144104004,5539,-,-,5095,-,-,5398,-,-,5094,0.013976055197417736,0.01488158106803894,5094,-,-,5094,-,-,5094,-,-
TA100_5_8,5448,5469,-,-,5448,0.01065831445157528,0.011243671178817749,5448,0.0869610607624054,0.09037884324789047,5458,-,-,5448,0.054349567741155624,0.05767504870891571,5457,-,-,5773,-,-,5467,-,-,5911,-,-,5448,0.17215436697006226,0.17349641025066376,5448,-,-,5448,-,-,5448,-,-
TA100_5_9,5322,5346,-,-,5322,0.015475556254386902,0.01814236119389534,5356,-,-,5322,0.3858295977115631,0.38692015409469604,5345,-,-,5322,0.4574771523475647,0.45855680108070374,5695,-,-,5335,-,-,5725,-,-,5322,0.02584546059370041,0.026546483859419823,5322,-,-,5322,-,-,5322,-,-
TA100_10_0,5770,5900,-,-,5770,0.05144064873456955,0.05209358036518097,5915,-,-,5843,-,-,5917,-,-,5830,-,-,6639,-,-,5813,-,-,6665,-,-,5770,0.021785128861665726,0.02239706739783287,5770,-,-,5770,-,-,5770,-,-
TA100_10_1,5349,5504,-,-,5349,0.024273362010717392,0.02499145083129406,5426,-,-,5540,-,-,5434,-,-,5494,-,-,6169,-,-,5370,-,-,6202,-,-,5349,0.017748111858963966,0.018452661111950874,5349,-,-,5349,-,-,5349,-,-
TA100_10_2,5676,5819,-,-,5676,0.7855005860328674,0.8013743758201599,5707,-,-,5714,-,-,5707,-,-,5725,-,-,6330,-,-,5695,-,-,6330,-,-,5676,0.7267700433731079,0.743310272693634,5676,-,-,5676,-,-,5676,-,-
TA100_10_3,5781,6161,-,-,5781,0.05368385463953018,0.056235432624816895,5826,-,-,6023,-,-,5826,-,-,5954,-,-,6658,-,-,5813,-,-,6658,-,-,5781,0.029280206188559532,0.02991526760160923,5781,-,-,5781,-,-,5781,-,-
TA100_10_4,5467,5609,-,-,5467,0.05239275097846985,0.05405491590499878,5527,-,-,5611,-,-,5527,-,-,5616,-,-,6410,-,-,5535,-,-,6410,-,-,5467,0.2375735491514206,0.2395409345626831,5467,-,-,5467,-,-,5467,-,-
TA100_10_5,5303,5422,-,-,5303,0.028480831533670425,0.029293887317180634,5368,-,-,5368,-,-,5331,-,-,5343,-,-,6145,-,-,5322,-,-,6145,-,-,5303,0.04393564909696579,0.05196629464626312,5303,-,-,5303,-,-,5303,-,-
TA100_10_6,5595,5788,-,-,5595,1.7082668542861938,1.838409662246704,5739,-,-,5779,-,-,5807,-,-,5764,-,-,6290,-,-,5653,-,-,6335,-,-,5595,0.999177098274231,1.135400414466858,5596,-,-,5596,-,-,5596,-,-
TA100_10_7,5617,5735,-,-,5617,0.06851796060800552,0.07035910338163376,5676,-,-,5856,-,-,5676,-,-,5711,-,-,6431,-,-,5698,-,-,6487,-,-,5617,0.08049171417951584,0.0825653225183487,5623,-,-,5622,-,-,5621,-,-
TA100_10_8,5871,5972,-,-,5871,0.1030173972249031,0.10382106155157089,5988,-,-,6000,-,-,5979,-,-,6050,-,-,6663,-,-,5941,-,-,6679,-,-,5871,0.07171430438756943,0.07257212698459625,5875,-,-,5875,-,-,5875,-,-
TA100_10_9,5845,5933,-,-,5845,0.01623263768851757,0.016873076558113098,5845,37.72202682495117,37.804073333740234,5898,-,-,5848,-,-,5894,-,-,6545,-,-,5922,-,-,6545,-,-,5845,7.2491326332092285,7.257051467895508,5845,-,-,5845,-,-,5845,-,-
TA100_20_0,6202,7031,-,-,6349,-,-,6422,-,-,6555,-,-,6372,-,-,6555,-,-,7468,-,-,6261,-,-,7468,-,-,6319,-,-,6245,-,-,6237,-,-,6234,-,-
TA100_20_1,6183,6948,-,-,6352,-,-,6440,-,-,6705,-,-,6316,-,-,6681,-,-,7464,-,-,6229,-,-,7515,-,-,6183,11.336333274841309,90.0910415649414,6215,-,-,6212,-,-,6205,-,-
TA100_20_2,6271,6961,-,-,6351,-,-,6580,-,-,6936,-,-,6500,-,-,6962,-,-,7434,-,-,6391,-,-,7470,-,-,6252,47.173362731933594,90.00312805175781,6300,-,-,6299,-,-,6300,-,-
TA100_20_3,6269,7065,-,-,6329,-,-,6429,-,-,7103,-,-,6432,-,-,7050,-,-,7498,-,-,6406,-,-,7498,-,-,6254,1.3737993240356445,31.678030014038086,6303,-,-,6303,-,-,6303,-,-
TA100_20_4,6314,6973,-,-,6490,-,-,6478,-,-,6586,-,-,6478,-,-,6532,-,-,7562,-,-,6477,-,-,7517,-,-,6412,-,-,6343,-,-,6329,-,-,6337,-,-
TA100_20_5,6364,7017,-,-,6514,-,-,6495,-,-,6742,-,-,6495,-,-,6737,-,-,7630,-,-,6421,-,-,7630,-,-,6483,-,-,6382,-,-,6388,-,-,6383,-,-
TA100_20_6,6268,6984,-,-,6357,-,-,6469,-,-,6989,-,-,6465,-,-,6981,-,-,7633,-,-,6314,-,-,7633,-,-,6364,-,-,6298,-,-,6298,-,-,6292,-,-
TA100_20_7,6401,7237,-,-,6563,-,-,6550,-,-,6752,-,-,6588,-,-,6753,-,-,7710,-,-,6417,-,-,7707,-,-,6588,-,-,6424,-,-,6423,-,-,6416,-,-
TA100_20_8,6275,6990,-,-,6392,-,-,6384,-,-,7137,-,-,6378,-,-,7192,-,-,7621,-,-,6336,-,-,7621,-,-,6409,-,-,6293,-,-,6301,-,-,6295,-,-
TA100_20_9,6434,7127,-,-,6523,-,-,6806,-,-,6917,-,-,6804,-,-,6958,-,-,7585,-,-,6690,-,-,7585,-,-,6440,-,-,6451,-,-,6441,-,-,6445,-,-
TA200_10_0,10862,11046,-,-,10862,0.09179916977882385,0.0929686576128006,11086,-,-,11021,-,-,11098,-,-,11028,-,-,11818,-,-,11014,-,-,11808,-,-,10872,-,-,10872,-,-,10872,-,-,10872,-,-
TA200_10_1,10480,10731,-,-,10480,0.10517317056655884,0.11806978285312653,10555,-,-,10645,-,-,10564,-,-,10705,-,-,11964,-,-,10563,-,-,11898,-,-,10480,0.46309447288513184,0.4712965786457062,10485,-,-,10485,-,-,10485,-,-
TA200_10_2,10922,11146,-,-,10922,0.10240373015403748,0.10415579378604889,11116,-,-,11109,-,-,11104,-,-,11079,-,-,12263,-,-,11048,-,-,12127,-,-,10922,0.09154951572418213,0.09324552863836288,10922,-,-,10922,-,-,10922,-,-
TA200_10_3,10889,11163,-,-,10889,0.14619770646095276,0.14922687411308289,10915,-,-,10897,-,-,10917,-,-,10931,-,-,11983,-,-,11700,-,-,11944,-,-,11569,-,-,10889,-,-,10889,-,-,10889,-,-
TA200_10_4,10524,10734,-,-,10524,0.07489564269781113,0.07659686356782913,10704,-,-,10632,-,-,10718,-,-,10667,-,-,11818,-,-,10621,-,-,11781,-,-,10524,0.11971322447061539,0.12140445411205292,10524,-,-,10524,-,-,10524,-,-
TA200_10_5,10329,10547,-,-,10329,0.39745333790779114,0.399009644985199,10520,-,-,10518,-,-,10520,-,-,10470,-,-,11751,-,-,10422,-,-,11621,-,-,10329,7.065949440002441,7.069657802581787,10330,-,-,10330,-,-,10329,-,-
TA200_10_6,10854,11075,-,-,10854,0.10410569608211517,0.1054014265537262,10878,-,-,10909,-,-,10857,-,-,10907,-,-,12048,-,-,11121,-,-,12048,-,-,11111,-,-,10857,-,-,10857,-,-,10857,-,-
TA200_10_7,10730,10922,-,-,10730,0.1429402381181717,0.14647045731544495,10857,-,-,10930,-,-,10914,-,-,10839,-,-,11969,-,-,10824,-,-,11968,-,-,10730,0.1960425078868866,0.19957807660102844,10731,-,-,10731,-,-,10731,-,-
TA200_10_8,10438,10495,-,-,10438,0.0535745769739151,0.054944295436143875,10487,-,-,10671,-,-,10482,-,-,10662,-,-,11831,-,-,10447,-,-,11591,-,-,10438,0.13835011422634125,0.13989894092082977,10438,-,-,10438,-,-,10438,-,-
TA200_10_9,10675,10857,-,-,10675,0.38118889927864075,0.38253673911094666,10727,-,-,10880,-,-,10733,-,-,10883,-,-,11943,-,-,10817,-,-,11568,-,-,10675,14.409855842590332,14.416342735290527,10676,-,-,10676,-,-,10676,-,-
TA200_20_0,11195,12276,-,-,11276,-,-,11414,-,-,12379,-,-,11389,-,-,12283,-,-,13321,-,-,11481,-,-,13341,-,-,11187,90.38304138183594,180.00369262695312,11254,-,-,11224,-,-,11224,-,-
TA200_20_1,11203,12453,-,-,11470,-,-,11514,-,-,11623,-,-,11636,-,-,11587,-,-,13461,-,-,11462,-,-,13461,-,-,11461,-,-,11249,-,-,11274,-,-,11251,-,-
TA200_20_2,11281,12219,-,-,11380,-,-,11508,-,-,12049,-,-,11529,-,-,11902,-,-,13147,-,-,11400,-,-,13147,-,-,11281,36.932491302490234,38.192420959472656,11390,-,-,11390,-,-,11390,-,-
TA200_20_3,11275,12340,-,-,11326,-,-,11530,-,-,12442,-,-,11602,-,-,12334,-,-,13440,-,-,11559,-,-,13423,-,-,11275,19.99936294555664,20.055789947509766,11343,-,-,11336,-,-,11311,-,-
TA200_20_4,11259,12303,-,-,11313,-,-,11458,-,-,12239,-,-,11469,-,-,12576,-,-,13188,-,-,11448,-,-,13188,-,-,11259,0.743560791015625,0.7598828673362732,11289,-,-,11289,-,-,11285,-,-
TA200_20_5,11176,12233,-,-,11235,-,-,11417,-,-,11813,-,-,11431,-,-,11798,-,-,13237,-,-,11356,-,-,13237,-,-,11176,10.504069328308105,10.51020336151123,11228,-,-,11235,-,-,11224,-,-
TA200_20_6,11360,12504,-,-,11524,-,-,11692,-,-,12002,-,-,11677,-,-,11986,-,-,13399,-,-,11540,-,-,13387,-,-,11337,172.74484252929688,173.42320251464844,11420,-,-,11401,-,-,11410,-,-
TA200_20_7,11334,12385,-,-,11534,-,-,11627,-,-,11934,-,-,11664,-,-,11882,-,-,13364,-,-,11474,-,-,13364,-,-,11449,-,-,11390,-,-,11390,-,-,11371,-,-
TA200_20_8,11192,12371,-,-,11396,-,-,11457,-,-,11587,-,-,11400,-,-,11602,-,-,13340,-,-,11441,-,-,13313,-,-,11375,-,-,11241,-,-,11241,-,-,11217,-,-
TA200_20_9,11284,12298,-,-,11380,-,-,11525,-,-,13259,-,-,11607,-,-,12871,-,-,13312,-,-,11432,-,-,13312,-,-,11423,-,-,11339,-,-,11328,-,-,11336,-,-
TA500_20_0,26040,27070,-,-,26298,-,-,26473,-,-,27327,-,-,26619,-,-,27282,-,-,29707,-,-,26222,-,-,29758,-,-,26040,64.15120697021484,64.47258758544922,26119,-,-,26117,-,-,26108,-,-
TA500_20_1,26520,27767,-,-,26675,-,-,27024,-,-,27402,-,-,26970,-,-,27189,-,-,30155,-,-,26980,-,-,30155,-,-,26500,126.08118438720703,126.14119720458984,26629,-,-,26629,-,-,26603,-,-
TA500_20_2,26371,27603,-,-,26583,-,-,26878,-,-,27339,-,-,26864,-,-,27439,-,-,30273,-,-,26881,-,-,30188,-,-,26378,-,-,26435,-,-,26435,-,-,26435,-,-
TA500_20_3,26456,27393,-,-,26656,-,-,27043,-,-,28560,-,-,27086,-,-,29214,-,-,30153,-,-,26745,-,-,30114,-,-,26456,260.05438232421875,260.07769775390625,26525,-,-,26525,-,-,26516,-,-
TA500_20_4,26334,27493,-,-,26395,-,-,26568,-,-,27520,-,-,26621,-,-,27634,-,-,29954,-,-,26602,-,-,30062,-,-,26334,64.37379455566406,64.7707290649414,26383,-,-,26354,-,-,26377,-,-
TA500_20_5,26477,27640,-,-,26481,-,-,26757,-,-,27130,-,-,26719,-,-,27154,-,-,30461,-,-,26985,-,-,30544,-,-,26479,-,-,26543,-,-,26543,-,-,26499,-,-
TA500_20_6,26389,27366,-,-,26514,-,-,26761,-,-,27843,-,-,26791,-,-,27968,-,-,29819,-,-,26809,-,-,29819,-,-,26438,-,-,26412,-,-,26412,-,-,26412,-,-
TA500_20_7,26560,27582,-,-,26580,-,-,26983,-,-,27303,-,-,26916,-,-,27270,-,-,30447,-,-,26902,-,-,30447,-,-,26560,3.157418966293335,3.172013998031616,26615,-,-,26615,-,-,26615,-,-
TA500_20_8,26005,26818,-,-,26165,-,-,26439,-,-,26798,-,-,26391,-,-,26867,-,-,29661,-,-,26512,-,-,29661,-,-,26120,-,-,26064,-,-,26053,-,-,26051,-,-
TA500_20_9,26457,27344,-,-,26465,-,-,26890,-,-,28419,-,-,26913,-,-,27659,-,-,29988,-,-,26753,-,-,30041,-,-,26457,4.359901428222656,4.398602485656738,26513,-,-,26533,-,-,26507,-,-
