instance,best_known,IGrms,VBIH,GmysBB,IBS_forward_bound_primal,IBS_forward_bound_time_to_best_known,IBS_forward_bound_time_to_improve,IBS_forward_bound_time_opt,IBS_bi_min_bound_primal,IBS_bi_min_bound_time_to_best_known,IBS_bi_min_bound_time_to_improve,IBS_bi_min_bound_time_opt,IBS_forward_idle_primal,IBS_forward_idle_time_to_best_known,IBS_forward_idle_time_to_improve,IBS_forward_idle_time_opt,IBS_bi_min_idle_primal,IBS_bi_min_idle_time_to_best_known,IBS_bi_min_idle_time_to_improve,IBS_bi_min_idle_time_opt,IBS_forward_alpha_primal,IBS_forward_alpha_time_to_best_known,IBS_forward_alpha_time_to_improve,IBS_forward_alpha_time_opt,IBS_bi_min_alpha_primal,IBS_bi_min_alpha_time_to_best_known,IBS_bi_min_alpha_time_to_improve,IBS_bi_min_alpha_time_opt,IBS_forward_walpha_primal,IBS_forward_walpha_time_to_best_known,IBS_forward_walpha_time_to_improve,IBS_forward_walpha_time_opt,IBS_bi_min_walpha_primal,IBS_bi_min_walpha_time_to_best_known,IBS_bi_min_walpha_time_to_improve,IBS_bi_min_walpha_time_opt,IBS_forward_gap_primal,IBS_forward_gap_time_to_best_known,IBS_forward_gap_time_to_improve,IBS_forward_gap_time_opt,IBS_bi_min_gap_primal,IBS_bi_min_gap_time_to_best_known,IBS_bi_min_gap_time_to_improve,IBS_bi_min_gap_time_opt,IGbob_30_primal,IGbob_30_time_to_best_known,IGbob_30_time_to_improve,IGbob_30_time_opt,IGbob_45_primal,IGbob_45_time_to_best_known,IGbob_45_time_to_improve,IGbob_45_time_opt,IGbob_90_primal,IGbob_90_time_to_best_known,IGbob_90_time_to_improve,IGbob_90_time_opt
VFR100_20_1,6121,6176,6173,6121,6969,-,-,-,6229,-,-,-,6245,-,-,-,7175,-,-,-,6280,-,-,-,7185,-,-,-,6197,-,-,-,6163,-,-,-,6936,-,-,-,6229,-,-,-,6192,-,-,6198,-,-,6188,-,-
VFR100_20_2,6119,6119,6221,6224,7059,-,-,-,6347,-,-,-,6413,-,-,-,7290,-,-,-,6459,-,-,-,7211,-,-,-,6336,-,-,-,6282,-,-,-,7103,-,-,-,6350,-,-,-,6295,-,-,6273,-,-,6282,-,-
VFR100_20_3,6157,6267,6227,6157,6898,-,-,-,6291,-,-,-,6384,-,-,-,6661,-,-,-,6348,-,-,-,6643,-,-,-,6286,-,-,-,6231,-,-,-,6816,-,-,-,6296,-,-,-,6224,-,-,6231,-,-,6221,-,-
VFR100_20_4,6173,6210,6264,6173,7065,-,-,-,6295,-,-,-,6425,-,-,-,7381,-,-,-,6413,-,-,-,7173,-,-,-,6299,-,-,-,6250,-,-,-,7088,-,-,-,6287,-,-,-,6249,-,-,6241,-,-,6237,-,-
VFR100_20_5,6221,6223,6285,6221,7048,-,-,-,6404,-,-,-,6354,-,-,-,7302,-,-,-,6398,-,-,-,7212,-,-,-,6357,-,-,-,6319,-,-,-,7090,-,-,-,6404,-,-,-,6284,-,-,6284,-,-,6268,-,-
VFR100_20_6,6247,6260,6401,6247,6919,-,-,-,6438,-,-,-,6432,-,-,-,6749,-,-,-,6407,-,-,-,6789,-,-,-,6360,-,-,-,6333,-,-,-,6919,-,-,-,6445,-,-,-,6299,-,-,6302,-,-,6301,-,-
VFR100_20_7,6074,6274,6074,6358,7177,-,-,-,6567,-,-,-,6624,-,-,-,6749,-,-,-,6565,-,-,-,6687,-,-,-,6536,-,-,-,6394,-,-,-,7197,-,-,-,6561,-,-,-,6433,-,-,6419,-,-,6419,-,-
VFR100_20_8,6023,6411,6328,6023,6673,-,-,-,6169,-,-,-,6185,-,-,-,6305,-,-,-,6171,-,-,-,6299,-,-,-,6083,-,-,-,6091,-,-,-,6735,-,-,-,6149,-,-,-,6090,-,-,6094,-,-,6091,-,-
VFR100_20_9,6074,6074,6125,6286,7165,-,-,-,6442,-,-,-,6696,-,-,-,6591,-,-,-,6625,-,-,-,6543,-,-,-,6357,-,-,-,6345,-,-,-,7063,-,-,-,6443,-,-,-,6332,-,-,6345,-,-,6345,-,-
VFR100_20_10,6048,6324,6267,6048,6829,-,-,-,6254,-,-,-,6472,-,-,-,6578,-,-,-,6482,-,-,-,6575,-,-,-,6275,-,-,-,6175,-,-,-,6832,-,-,-,6266,-,-,-,6132,-,-,6145,-,-,6136,-,-
VFR100_40_1,7840,7840,7846,missing,9118,-,-,-,8223,-,-,-,8144,-,-,-,8511,-,-,-,8109,-,-,-,8510,-,-,-,8393,-,-,-,7947,-,-,-,9170,-,-,-,8223,-,-,-,7853,-,-,7850,-,-,7836,-,-
VFR100_40_2,7894,7894,7894,missing,9274,-,-,-,8304,-,-,-,8339,-,-,-,8787,-,-,-,8353,-,-,-,8782,-,-,-,8300,-,-,-,8014,-,-,-,9234,-,-,-,8294,-,-,-,7999,-,-,7976,-,-,7981,-,-
VFR100_40_3,7913,7957,7913,missing,8992,-,-,-,8279,-,-,-,8243,-,-,-,8625,-,-,-,8299,-,-,-,8579,-,-,-,8393,-,-,-,7963,-,-,-,9070,-,-,-,8261,-,-,-,7916,-,-,7901,-,-,7893,-,-
VFR100_40_4,7889,7889,7997,missing,9128,-,-,-,8256,-,-,-,8131,-,-,-,8160,-,-,-,8083,-,-,-,8133,-,-,-,8274,-,-,-,7981,-,-,-,9066,-,-,-,8240,-,-,-,7936,-,-,7923,-,-,7920,-,-
VFR100_40_5,7895,7895,7993,missing,9224,-,-,-,8355,-,-,-,8419,-,-,-,8408,-,-,-,8456,-,-,-,8402,-,-,-,8511,-,-,-,8045,-,-,-,9228,-,-,-,8357,-,-,-,8022,-,-,8002,-,-,8002,-,-
VFR100_40_6,7968,7968,7980,missing,9268,-,-,-,8406,-,-,-,8313,-,-,-,8341,-,-,-,8359,-,-,-,8334,-,-,-,8332,-,-,-,8096,-,-,-,9176,-,-,-,8415,-,-,-,8013,-,-,8004,-,-,8013,-,-
VFR100_40_7,7957,7988,7957,missing,9117,-,-,-,8360,-,-,-,8317,-,-,-,8327,-,-,-,8322,-,-,-,8279,-,-,-,8307,-,-,-,8117,-,-,-,9129,-,-,-,8369,-,-,-,8003,-,-,7995,-,-,7982,-,-
VFR100_40_8,7888,7956,7888,missing,9026,-,-,-,8351,-,-,-,8233,-,-,-,8848,-,-,-,8311,-,-,-,8842,-,-,-,8460,-,-,-,8084,-,-,-,9074,-,-,-,8355,-,-,-,7965,-,-,7976,-,-,7951,-,-
VFR100_40_9,7917,7936,7917,missing,9165,-,-,-,8306,-,-,-,8167,-,-,-,9185,-,-,-,8168,-,-,-,9191,-,-,-,8104,-,-,-,7963,-,-,-,9134,-,-,-,8344,-,-,-,7908,-,-,7879,-,-,7899,-,-
VFR100_40_10,7853,7853,7976,missing,9132,-,-,-,8266,-,-,-,8298,-,-,-,8999,-,-,-,8443,-,-,-,8842,-,-,-,8491,-,-,-,8014,-,-,-,9210,-,-,-,8266,-,-,-,7929,-,-,7916,-,-,7912,-,-
VFR100_60_1,9326,9326,9353,missing,10807,-,-,-,9863,-,-,-,9839,-,-,-,10276,-,-,-,9840,-,-,-,10325,-,-,-,10296,-,-,-,9618,-,-,-,10791,-,-,-,9898,-,-,-,9376,-,-,9372,-,-,9366,-,-
VFR100_60_2,9349,9547,9349,missing,10975,-,-,-,10066,-,-,-,10047,-,-,-,10137,-,-,-,10082,-,-,-,10112,-,-,-,10377,-,-,-,9698,-,-,-,10897,-,-,-,10071,-,-,-,9586,-,-,9558,-,-,9550,-,-
VFR100_60_3,9403,9513,9403,missing,10773,-,-,-,9802,-,-,-,9722,-,-,-,10466,-,-,-,9720,-,-,-,10311,-,-,-,10045,-,-,-,9596,-,-,-,10746,-,-,-,9802,-,-,-,9363,-,-,9347,-,-,9315,-,-
VFR100_60_4,9316,9316,9431,missing,10996,-,-,-,9912,-,-,-,9815,-,-,-,10250,-,-,-,9761,-,-,-,10268,-,-,-,10269,-,-,-,9521,-,-,-,10828,-,-,-,9912,-,-,-,9417,-,-,9410,-,-,9394,-,-
VFR100_60_5,9366,9366,9630,missing,10725,-,-,-,9982,-,-,-,9808,-,-,-,9947,-,-,-,9831,-,-,-,9900,-,-,-,10029,-,-,-,9628,-,-,-,10724,-,-,-,9861,-,-,-,9446,-,-,9418,-,-,9422,-,-
VFR100_60_6,9346,9391,9346,missing,10953,-,-,-,10111,-,-,-,10006,-,-,-,10481,-,-,-,9999,-,-,-,10424,-,-,-,10294,-,-,-,9867,-,-,-,10953,-,-,-,10111,-,-,-,9665,-,-,9654,-,-,9642,-,-
VFR100_60_7,9523,9622,9523,missing,10893,-,-,-,9947,-,-,-,9731,-,-,-,10254,-,-,-,9734,-,-,-,10306,-,-,-,10187,-,-,-,9609,-,-,-,10893,-,-,-,9944,-,-,-,9374,-,-,9372,-,-,9367,-,-
VFR100_60_8,9326,9326,9488,missing,11147,-,-,-,10105,-,-,-,10018,-,-,-,10053,-,-,-,10018,-,-,-,10059,-,-,-,10277,-,-,-,9766,-,-,-,10926,-,-,-,10055,-,-,-,9554,-,-,9526,-,-,9530,-,-
VFR100_60_9,9507,9507,9572,missing,10776,-,-,-,10018,-,-,-,9858,-,-,-,10352,-,-,-,9853,-,-,-,10394,-,-,-,10149,-,-,-,9730,-,-,-,10779,-,-,-,10046,-,-,-,9519,-,-,9491,-,-,9502,-,-
VFR100_60_10,9480,9480,9567,missing,11000,-,-,-,10088,-,-,-,9869,-,-,-,10564,-,-,-,9878,-,-,-,10060,-,-,-,10228,-,-,-,9755,-,-,-,10926,-,-,-,10083,-,-,-,9590,-,-,9589,-,-,9555,-,-
VFR200_20_1,11181,11271,11272,11181,12358,-,-,-,11402,-,-,-,11434,-,-,-,11529,-,-,-,11406,-,-,-,11523,-,-,-,11464,-,-,-,11405,-,-,-,12426,-,-,-,11260,-,-,-,11316,-,-,11301,-,-,11289,-,-
VFR200_20_2,11254,11286,11294,11254,12230,-,-,-,11219,89.14936828613281,89.14936828613281,-,11764,-,-,-,12736,-,-,-,11798,-,-,-,12531,-,-,-,11645,-,-,-,11424,-,-,-,11820,-,-,-,11161,87.95098114013672,87.95098114013672,88.53244018554688,11245,-,-,11251,-,-,11227,-,-
VFR200_20_3,11188,11227,11188,11233,12579,-,-,-,11578,-,-,-,11458,-,-,-,12462,-,-,-,11452,-,-,-,12614,-,-,-,11380,-,-,-,11362,-,-,-,12501,-,-,-,11509,-,-,-,11332,-,-,11331,-,-,11311,-,-
VFR200_20_4,11090,11297,11143,11090,12169,-,-,-,11294,-,-,-,11352,-,-,-,13010,-,-,-,11356,-,-,-,12612,-,-,-,11343,-,-,-,11243,-,-,-,12031,-,-,-,11220,-,-,-,11206,-,-,11206,-,-,11193,-,-
VFR200_20_5,11076,11175,11310,11076,12202,-,-,-,11291,-,-,-,11405,-,-,-,11538,-,-,-,11355,-,-,-,11580,-,-,-,11269,-,-,-,11254,-,-,-,11530,-,-,-,11274,-,-,-,11183,-,-,11167,-,-,11168,-,-
VFR200_20_6,11152,11152,11365,11208,12501,-,-,-,11371,-,-,-,11558,-,-,-,12650,-,-,-,11519,-,-,-,12591,-,-,-,11430,-,-,-,11355,-,-,-,12501,-,-,-,11339,-,-,-,11345,-,-,11335,-,-,11321,-,-
VFR200_20_7,11128,11301,11128,11266,12289,-,-,-,11494,-,-,-,11485,-,-,-,12760,-,-,-,11485,-,-,-,12550,-,-,-,11479,-,-,-,11432,-,-,-,11720,-,-,-,11438,-,-,-,11382,-,-,11373,-,-,11364,-,-
VFR200_20_8,11041,11347,11091,11041,12126,-,-,-,11073,-,-,-,11570,-,-,-,12360,-,-,-,11362,-,-,-,12348,-,-,-,11230,-,-,-,11250,-,-,-,11589,-,-,-,11041,18.874221801757812,-,19.41384506225586,11130,-,-,11125,-,-,11118,-,-
VFR200_20_9,11008,11107,11294,11008,12064,-,-,-,11171,-,-,-,11612,-,-,-,13038,-,-,-,11578,-,-,-,12743,-,-,-,11279,-,-,-,11243,-,-,-,11667,-,-,-,11278,-,-,-,11115,-,-,11115,-,-,11085,-,-
VFR200_20_10,11069,11069,11240,11193,12345,-,-,-,11346,-,-,-,11475,-,-,-,12471,-,-,-,11603,-,-,-,12369,-,-,-,11410,-,-,-,11352,-,-,-,12025,-,-,-,11322,-,-,-,11302,-,-,11294,-,-,11276,-,-
VFR200_40_1,13077,13077,13124,missing,15526,-,-,-,13617,-,-,-,13675,-,-,-,15327,-,-,-,13623,-,-,-,15206,-,-,-,13447,-,-,-,13049,297.6994323730469,297.6994323730469,-,15509,-,-,-,13653,-,-,-,13168,-,-,13153,-,-,13125,-,-
VFR200_40_2,13134,13134,13222,missing,15399,-,-,-,13723,-,-,-,13507,-,-,-,13606,-,-,-,13441,-,-,-,13606,-,-,-,13205,-,-,-,12968,9.99184799194336,9.99184799194336,-,15209,-,-,-,13552,-,-,-,13096,-,-,13061,-,-,13072,-,-
VFR200_40_3,13027,13027,13163,missing,15522,-,-,-,13726,-,-,-,13630,-,-,-,15764,-,-,-,13552,-,-,-,15670,-,-,-,13334,-,-,-,13135,-,-,-,15578,-,-,-,13740,-,-,-,13272,-,-,13237,-,-,13201,-,-
VFR200_40_4,12974,13197,12974,missing,15346,-,-,-,13693,-,-,-,13595,-,-,-,15857,-,-,-,13619,-,-,-,15638,-,-,-,13414,-,-,-,13102,-,-,-,15241,-,-,-,13709,-,-,-,13159,-,-,13153,-,-,13140,-,-
VFR200_40_5,13061,13111,13061,missing,15267,-,-,-,13518,-,-,-,13387,-,-,-,14289,-,-,-,13503,-,-,-,14155,-,-,-,13328,-,-,-,12899,9.385005950927734,9.385005950927734,-,15288,-,-,-,13518,-,-,-,13036,-,-,12982,-,-,12964,-,-
VFR200_40_6,12927,12927,13220,missing,15556,-,-,-,13617,-,-,-,13728,-,-,-,15192,-,-,-,13796,-,-,-,14978,-,-,-,13319,-,-,-,13026,-,-,-,15584,-,-,-,13672,-,-,-,13100,-,-,13120,-,-,13056,-,-
VFR200_40_7,13023,13023,13132,missing,15470,-,-,-,13757,-,-,-,13512,-,-,-,15277,-,-,-,13587,-,-,-,14808,-,-,-,13356,-,-,-,13156,-,-,-,15406,-,-,-,13825,-,-,-,13247,-,-,13251,-,-,13190,-,-
VFR200_40_8,13033,13188,13033,missing,15292,-,-,-,13736,-,-,-,13435,-,-,-,14789,-,-,-,13463,-,-,-,15214,-,-,-,13364,-,-,-,13067,-,-,-,15203,-,-,-,13782,-,-,-,13175,-,-,13154,-,-,13136,-,-
VFR200_40_9,13089,13089,13146,missing,15411,-,-,-,13651,-,-,-,13627,-,-,-,15781,-,-,-,13675,-,-,-,15688,-,-,-,13427,-,-,-,13024,18.294912338256836,18.294912338256836,-,15435,-,-,-,13703,-,-,-,13112,-,-,13094,-,-,13078,-,-
VFR200_40_10,13042,13042,13049,missing,15383,-,-,-,13961,-,-,-,13545,-,-,-,14272,-,-,-,13508,-,-,-,14089,-,-,-,13425,-,-,-,13049,-,-,-,15244,-,-,-,13865,-,-,-,13192,-,-,13189,-,-,13166,-,-
VFR200_60_1,14861,14861,14906,missing,17645,-,-,-,16010,-,-,-,15609,-,-,-,18015,-,-,-,15631,-,-,-,17968,-,-,-,15773,-,-,-,14946,-,-,-,17467,-,-,-,15931,-,-,-,14954,-,-,14914,-,-,14893,-,-
VFR200_60_2,14881,14881,15134,missing,17872,-,-,-,15902,-,-,-,15816,-,-,-,17415,-,-,-,16006,-,-,-,17369,-,-,-,16262,-,-,-,14965,-,-,-,17803,-,-,-,15771,-,-,-,14930,-,-,14932,-,-,14900,-,-
VFR200_60_3,14890,14890,14968,missing,17519,-,-,-,16371,-,-,-,15773,-,-,-,17411,-,-,-,15792,-,-,-,17473,-,-,-,15813,-,-,-,15446,-,-,-,17738,-,-,-,16410,-,-,-,15221,-,-,15151,-,-,15129,-,-
VFR200_60_4,15042,15103,15042,missing,17428,-,-,-,15920,-,-,-,15587,-,-,-,16452,-,-,-,15610,-,-,-,16445,-,-,-,15894,-,-,-,15162,-,-,-,17398,-,-,-,15989,-,-,-,15007,-,-,14978,-,-,14969,-,-
VFR200_60_5,14918,14918,14996,missing,17339,-,-,-,16018,-,-,-,15686,-,-,-,17485,-,-,-,15766,-,-,-,17350,-,-,-,15843,-,-,-,15249,-,-,-,17508,-,-,-,16138,-,-,-,15029,-,-,15048,-,-,15028,-,-
VFR200_60_6,15006,15020,15006,missing,17440,-,-,-,15805,-,-,-,15569,-,-,-,17213,-,-,-,15620,-,-,-,17272,-,-,-,16079,-,-,-,14951,412.3055114746094,412.3055114746094,-,17569,-,-,-,15939,-,-,-,14982,-,-,14966,-,-,14948,-,-
VFR200_60_7,14894,14909,14894,missing,17590,-,-,-,16023,-,-,-,15625,-,-,-,17425,-,-,-,15780,-,-,-,17293,-,-,-,15869,-,-,-,15063,-,-,-,17490,-,-,-,16094,-,-,-,15056,-,-,15030,-,-,14982,-,-
VFR200_60_8,14925,14956,14925,missing,17803,-,-,-,15959,-,-,-,15516,-,-,-,15616,-,-,-,15551,-,-,-,15931,-,-,-,15891,-,-,-,15094,-,-,-,17811,-,-,-,15831,-,-,-,14943,-,-,14930,-,-,14901,-,-
VFR200_60_9,14852,14852,14908,missing,17763,-,-,-,15875,-,-,-,15590,-,-,-,17533,-,-,-,15707,-,-,-,17457,-,-,-,15993,-,-,-,15026,-,-,-,17637,-,-,-,15908,-,-,-,14970,-,-,14941,-,-,14926,-,-
VFR200_60_10,14867,14867,14909,missing,17483,-,-,-,15798,-,-,-,15425,-,-,-,17123,-,-,-,15424,-,-,-,17165,-,-,-,15804,-,-,-,15122,-,-,-,17335,-,-,-,15777,-,-,-,14950,-,-,14912,-,-,14908,-,-
VFR300_20_1,15996,16092,16089,15996,17145,-,-,-,16200,-,-,-,16209,-,-,-,17497,-,-,-,16227,-,-,-,17408,-,-,-,16222,-,-,-,16230,-,-,-,16698,-,-,-,16153,-,-,-,16134,-,-,16106,-,-,16097,-,-
VFR300_20_2,16129,16794,16129,16409,17158,-,-,-,16563,-,-,-,16849,-,-,-,17920,-,-,-,16877,-,-,-,18086,-,-,-,16700,-,-,-,16641,-,-,-,16954,-,-,-,16470,-,-,-,16497,-,-,16480,-,-,16491,-,-
VFR300_20_3,16010,16465,16168,16010,17193,-,-,-,16132,-,-,-,16297,-,-,-,17685,-,-,-,16356,-,-,-,17416,-,-,-,16285,-,-,-,16336,-,-,-,16367,-,-,-,16136,-,-,-,16163,-,-,16155,-,-,16136,-,-
VFR300_20_4,16052,16115,16307,16052,17173,-,-,-,16176,-,-,-,16276,-,-,-,17771,-,-,-,16323,-,-,-,18076,-,-,-,16250,-,-,-,16307,-,-,-,16464,-,-,-,16052,92.02153778076172,-,92.77474975585938,16157,-,-,16193,-,-,16167,-,-
VFR300_20_5,16095,16125,16095,21399,17118,-,-,-,16332,-,-,-,16613,-,-,-,18004,-,-,-,16542,-,-,-,18028,-,-,-,16558,-,-,-,16520,-,-,-,16765,-,-,-,16278,-,-,-,16350,-,-,16303,-,-,16320,-,-
VFR300_20_6,16021,16293,16244,16021,17018,-,-,-,16033,-,-,-,16305,-,-,-,17201,-,-,-,16254,-,-,-,16922,-,-,-,16337,-,-,-,16271,-,-,-,16547,-,-,-,16021,45.445404052734375,-,46.23301696777344,16128,-,-,16080,-,-,16086,-,-
VFR300_20_7,16062,16062,16369,16188,17311,-,-,-,16249,-,-,-,16529,-,-,-,16746,-,-,-,16558,-,-,-,16677,-,-,-,16399,-,-,-,16343,-,-,-,16408,-,-,-,16188,-,-,162.47308349609375,16248,-,-,16240,-,-,16224,-,-
VFR300_20_8,16228,16228,16324,16287,17301,-,-,-,16489,-,-,-,16641,-,-,-,17838,-,-,-,16614,-,-,-,17765,-,-,-,16494,-,-,-,16498,-,-,-,16870,-,-,-,16407,-,-,-,16402,-,-,16379,-,-,16372,-,-
VFR300_20_9,16203,16363,16798,16203,17472,-,-,-,16437,-,-,-,16646,-,-,-,16634,-,-,-,16695,-,-,-,16646,-,-,-,16640,-,-,-,16489,-,-,-,16576,-,-,-,16347,-,-,-,16339,-,-,16328,-,-,16339,-,-
VFR300_20_10,16298,16298,16483,16780,17757,-,-,-,16884,-,-,-,17250,-,-,-,18080,-,-,-,17305,-,-,-,17667,-,-,-,16978,-,-,-,17063,-,-,-,17270,-,-,-,16780,-,-,36.18042755126953,16794,-,-,16796,-,-,16794,-,-
VFR300_40_1,18127,18127,18199,missing,21336,-,-,-,19019,-,-,-,18906,-,-,-,21654,-,-,-,19028,-,-,-,21428,-,-,-,18375,-,-,-,18009,41.013526916503906,41.013526916503906,-,21284,-,-,-,19157,-,-,-,18211,-,-,18163,-,-,18124,-,-
VFR300_40_2,18253,18253,18348,missing,21388,-,-,-,19085,-,-,-,19092,-,-,-,21646,-,-,-,19113,-,-,-,21662,-,-,-,18531,-,-,-,18175,20.504234313964844,20.504234313964844,-,21424,-,-,-,19199,-,-,-,18426,-,-,18383,-,-,18360,-,-
VFR300_40_3,18227,18341,18227,missing,21641,-,-,-,19272,-,-,-,18931,-,-,-,20846,-,-,-,18999,-,-,-,21235,-,-,-,18397,-,-,-,18201,330.1458740234375,330.1458740234375,-,21377,-,-,-,19176,-,-,-,18412,-,-,18376,-,-,18342,-,-
VFR300_40_4,18276,18276,18343,missing,21451,-,-,-,19388,-,-,-,18547,-,-,-,21593,-,-,-,18585,-,-,-,21248,-,-,-,18449,-,-,-,18095,10.714141845703125,10.714141845703125,-,21477,-,-,-,19146,-,-,-,18302,-,-,18269,-,-,18240,-,-
VFR300_40_5,18181,18181,18340,missing,21278,-,-,-,19221,-,-,-,19014,-,-,-,22132,-,-,-,19069,-,-,-,22400,-,-,-,18731,-,-,-,18127,165.0755157470703,165.0755157470703,-,21455,-,-,-,19124,-,-,-,18385,-,-,18413,-,-,18357,-,-
VFR300_40_6,18320,18320,18396,missing,21187,-,-,-,19249,-,-,-,19080,-,-,-,21424,-,-,-,19214,-,-,-,21256,-,-,-,18661,-,-,-,18157,10.266036033630371,10.266036033630371,-,21064,-,-,-,19323,-,-,-,18383,-,-,18353,-,-,18336,-,-
VFR300_40_7,18250,18250,18290,missing,21567,-,-,-,19422,-,-,-,19007,-,-,-,21934,-,-,-,19224,-,-,-,21792,-,-,-,18559,-,-,-,18171,81.82411193847656,81.82411193847656,-,21324,-,-,-,19204,-,-,-,18401,-,-,18379,-,-,18306,-,-
VFR300_40_8,18261,18283,18261,missing,21509,-,-,-,18933,-,-,-,19016,-,-,-,21540,-,-,-,19185,-,-,-,20426,-,-,-,18379,-,-,-,18119,10.181962966918945,10.181962966918945,-,21478,-,-,-,19148,-,-,-,18300,-,-,18289,-,-,18209,-,-
VFR300_40_9,18238,18238,18286,missing,21237,-,-,-,19294,-,-,-,18656,-,-,-,18684,-,-,-,18722,-,-,-,18708,-,-,-,18308,-,-,-,18073,10.125412940979004,10.125412940979004,-,21424,-,-,-,19323,-,-,-,18333,-,-,18316,-,-,18274,-,-
VFR300_40_10,18226,18226,18373,missing,21473,-,-,-,19096,-,-,-,18956,-,-,-,21972,-,-,-,18907,-,-,-,21372,-,-,-,18580,-,-,-,18107,40.761817932128906,40.761817932128906,-,21317,-,-,-,19023,-,-,-,18270,-,-,18277,-,-,18240,-,-
VFR300_60_1,20397,20397,20483,missing,24026,-,-,-,22034,-,-,-,21330,-,-,-,21585,-,-,-,21562,-,-,-,21435,-,-,-,21512,-,-,-,20409,-,-,-,24101,-,-,-,21826,-,-,-,20469,-,-,20445,-,-,20417,-,-
VFR300_60_2,20290,20290,20328,missing,23743,-,-,-,21496,-,-,-,21153,-,-,-,23331,-,-,-,21200,-,-,-,23544,-,-,-,21262,-,-,-,20193,469.8880920410156,469.8880920410156,-,23719,-,-,-,21667,-,-,-,20341,-,-,20292,-,-,20249,-,-
VFR300_60_3,20224,20224,20293,missing,23804,-,-,-,21859,-,-,-,21405,-,-,-,24156,-,-,-,21582,-,-,-,24128,-,-,-,21509,-,-,-,20468,-,-,-,23985,-,-,-,21751,-,-,-,20353,-,-,20334,-,-,20305,-,-
VFR300_60_4,20200,20244,20200,missing,24048,-,-,-,21649,-,-,-,21293,-,-,-,23663,-,-,-,21212,-,-,-,23166,-,-,-,21403,-,-,-,20309,-,-,-,24093,-,-,-,21538,-,-,-,20391,-,-,20309,-,-,20311,-,-
VFR300_60_5,20235,20235,20280,missing,24073,-,-,-,21673,-,-,-,21175,-,-,-,23440,-,-,-,21288,-,-,-,23352,-,-,-,21186,-,-,-,20176,121.0548095703125,240.90029907226562,-,23989,-,-,-,21624,-,-,-,20275,-,-,20281,-,-,20183,-,-
VFR300_60_6,20156,20156,20358,missing,23798,-,-,-,21664,-,-,-,21322,-,-,-,21627,-,-,-,21263,-,-,-,21483,-,-,-,21544,-,-,-,20244,-,-,-,23828,-,-,-,21600,-,-,-,20280,-,-,20283,-,-,20272,-,-
VFR300_60_7,20180,20180,20319,missing,24106,-,-,-,21727,-,-,-,21568,-,-,-,21266,-,-,-,21642,-,-,-,21196,-,-,-,21330,-,-,-,20414,-,-,-,24054,-,-,-,21754,-,-,-,20366,-,-,20375,-,-,20351,-,-
VFR300_60_8,20285,20285,20405,missing,24004,-,-,-,22002,-,-,-,21211,-,-,-,23409,-,-,-,21266,-,-,-,23525,-,-,-,21115,-,-,-,20490,-,-,-,24044,-,-,-,21959,-,-,-,20392,-,-,20366,-,-,20314,-,-
VFR300_60_9,20291,20291,20385,missing,23904,-,-,-,21843,-,-,-,21074,-,-,-,24056,-,-,-,21435,-,-,-,23716,-,-,-,21313,-,-,-,20339,-,-,-,23700,-,-,-,21715,-,-,-,20420,-,-,20441,-,-,20397,-,-
VFR300_60_10,20249,20326,20249,missing,23859,-,-,-,22009,-,-,-,21233,-,-,-,21351,-,-,-,21290,-,-,-,21394,-,-,-,21109,-,-,-,20407,-,-,-,23684,-,-,-,22067,-,-,-,20415,-,-,20389,-,-,20355,-,-
VFR400_20_1,20952,21027,21042,20952,22145,-,-,-,21137,-,-,-,21291,-,-,-,22217,-,-,-,21461,-,-,-,21919,-,-,-,21277,-,-,-,21167,-,-,-,21678,-,-,-,20994,-,-,-,21079,-,-,21067,-,-,21054,-,-
VFR400_20_2,21346,21524,21428,21346,22445,-,-,-,21526,-,-,-,21658,-,-,-,22717,-,-,-,21681,-,-,-,22367,-,-,-,21555,-,-,-,21578,-,-,-,21867,-,-,-,21375,-,-,-,21443,-,-,21429,-,-,21429,-,-
VFR400_20_3,21237,21411,21237,21379,22307,-,-,-,21496,-,-,-,21793,-,-,-,21767,-,-,-,21870,-,-,-,21748,-,-,-,21726,-,-,-,21668,-,-,-,21848,-,-,-,21379,-,-,153.43115234375,21442,-,-,21426,-,-,21426,-,-
VFR400_20_4,21125,21426,21528,21125,22134,-,-,-,21365,-,-,-,21566,-,-,-,21635,-,-,-,21557,-,-,-,21577,-,-,-,21620,-,-,-,21482,-,-,-,21937,-,-,-,21167,-,-,-,21251,-,-,21240,-,-,21247,-,-
VFR400_20_5,16245,21231,21188,16245,22613,-,-,-,21533,-,-,-,21910,-,-,-,22959,-,-,-,21812,-,-,-,22757,-,-,-,21829,-,-,-,21671,-,-,-,21969,-,-,-,21413,-,-,-,21556,-,-,21527,-,-,21513,-,-
VFR400_20_6,21075,21497,21599,21075,22300,-,-,-,21141,-,-,-,21422,-,-,-,21959,-,-,-,21335,-,-,-,22157,-,-,-,21367,-,-,-,21274,-,-,-,21792,-,-,-,21168,-,-,-,21226,-,-,21201,-,-,21183,-,-
VFR400_20_7,21165,21165,21264,21507,22620,-,-,-,21643,-,-,-,21828,-,-,-,23111,-,-,-,21835,-,-,-,22967,-,-,-,21813,-,-,-,21832,-,-,-,21979,-,-,-,21507,-,-,301.0576171875,21662,-,-,21625,-,-,21606,-,-
VFR400_20_8,21198,21580,21293,21198,22244,-,-,-,21306,-,-,-,21442,-,-,-,21596,-,-,-,21437,-,-,-,21563,-,-,-,21591,-,-,-,21441,-,-,-,21682,-,-,-,21202,-,-,-,21280,-,-,21274,-,-,21258,-,-
VFR400_20_9,21236,21264,21526,21236,22327,-,-,-,21462,-,-,-,21639,-,-,-,22595,-,-,-,21711,-,-,-,22854,-,-,-,21561,-,-,-,21460,-,-,-,21792,-,-,-,21379,-,-,-,21325,-,-,21324,-,-,21297,-,-
VFR400_20_10,21301,21301,21411,21456,22680,-,-,-,21490,-,-,-,21866,-,-,-,22045,-,-,-,21822,-,-,-,22026,-,-,-,21741,-,-,-,21618,-,-,-,21890,-,-,-,21456,-,-,32.01063537597656,21542,-,-,21533,-,-,21527,-,-
VFR400_40_1,23362,23362,23393,missing,26863,-,-,-,24007,-,-,-,23837,-,-,-,27682,-,-,-,23896,-,-,-,27438,-,-,-,23536,-,-,-,23085,8.997663497924805,8.997663497924805,-,26816,-,-,-,24464,-,-,-,23422,-,-,23423,-,-,23380,-,-
VFR400_40_2,23467,23504,23467,missing,27020,-,-,-,24644,-,-,-,23956,-,-,-,24262,-,-,-,24101,-,-,-,24225,-,-,-,23309,153.38169860839844,153.38169860839844,-,23004,1.502175211906433,1.502175211906433,-,26683,-,-,-,24523,-,-,-,23374,-,-,23358,-,-,23293,-,-
VFR400_40_3,23257,23257,23269,missing,27469,-,-,-,24394,-,-,-,24020,-,-,-,27016,-,-,-,24253,-,-,-,27654,-,-,-,23396,-,-,-,23200,145.3040008544922,145.3040008544922,-,27244,-,-,-,24538,-,-,-,23540,-,-,23495,-,-,23439,-,-
VFR400_40_4,23213,23405,23213,missing,26847,-,-,-,24834,-,-,-,24094,-,-,-,27975,-,-,-,24073,-,-,-,28408,-,-,-,23475,-,-,-,22893,2.7043378353118896,2.7043378353118896,-,26929,-,-,-,24762,-,-,-,23343,-,-,23288,-,-,23255,-,-
VFR400_40_5,23220,23220,23298,missing,26797,-,-,-,24342,-,-,-,24016,-,-,-,27682,-,-,-,24074,-,-,-,27754,-,-,-,23372,-,-,-,22901,2.2779834270477295,2.2779834270477295,-,26793,-,-,-,24563,-,-,-,23249,-,-,23228,-,-,23166,-,-
VFR400_40_6,23141,23141,23415,missing,26464,-,-,-,24288,-,-,-,23679,-,-,-,27695,-,-,-,23836,-,-,-,27164,-,-,-,23439,-,-,-,23034,71.52127075195312,71.52127075195312,-,26608,-,-,-,24456,-,-,-,23397,-,-,23373,-,-,23305,-,-
VFR400_40_7,23290,23292,23290,missing,26897,-,-,-,24467,-,-,-,24108,-,-,-,28364,-,-,-,24162,-,-,-,28318,-,-,-,23467,-,-,-,23157,17.935285568237305,17.935285568237305,-,26927,-,-,-,24672,-,-,-,23428,-,-,23434,-,-,23391,-,-
VFR400_40_8,23364,23364,23424,missing,26823,-,-,-,24346,-,-,-,23862,-,-,-,24033,-,-,-,24092,-,-,-,24035,-,-,-,23424,-,-,-,23012,2.233031988143921,2.233031988143921,-,26895,-,-,-,24207,-,-,-,23286,-,-,23302,-,-,23243,-,-
VFR400_40_9,23266,23266,23606,missing,26930,-,-,-,24410,-,-,-,23868,-,-,-,28509,-,-,-,24159,-,-,-,28317,-,-,-,23557,-,-,-,23265,292.2590637207031,581.7388305664062,-,26912,-,-,-,24507,-,-,-,23500,-,-,23504,-,-,23492,-,-
VFR400_40_10,23380,23457,23380,missing,26879,-,-,-,24606,-,-,-,24320,-,-,-,27031,-,-,-,24357,-,-,-,26957,-,-,-,23707,-,-,-,23278,72.1016616821289,72.1016616821289,-,26878,-,-,-,24597,-,-,-,23615,-,-,23589,-,-,23578,-,-
VFR400_60_1,25392,25392,25395,missing,29938,-,-,-,27535,-,-,-,26743,-,-,-,29849,-,-,-,27012,-,-,-,29894,-,-,-,26421,-,-,-,25214,51.26148986816406,51.26148986816406,-,30118,-,-,-,27437,-,-,-,25506,-,-,25467,-,-,25458,-,-
VFR400_60_2,25618,25618,25707,missing,30121,-,-,-,27585,-,-,-,26495,-,-,-,29947,-,-,-,26667,-,-,-,29852,-,-,-,26397,-,-,-,25436,210.5045166015625,210.5045166015625,-,30043,-,-,-,27475,-,-,-,25607,-,-,25575,-,-,25533,-,-
VFR400_60_3,25498,25498,25638,missing,30385,-,-,-,27638,-,-,-,26891,-,-,-,29133,-,-,-,26890,-,-,-,29883,-,-,-,26335,-,-,-,25516,-,-,-,30329,-,-,-,27751,-,-,-,25734,-,-,25685,-,-,25626,-,-
VFR400_60_4,25590,25590,25669,missing,30234,-,-,-,27303,-,-,-,26958,-,-,-,29637,-,-,-,26837,-,-,-,28856,-,-,-,26726,-,-,-,25554,835.98681640625,835.98681640625,-,30272,-,-,-,27361,-,-,-,25738,-,-,25675,-,-,25683,-,-
VFR400_60_5,25407,25608,25407,missing,29834,-,-,-,27441,-,-,-,26410,-,-,-,30166,-,-,-,26528,-,-,-,30136,-,-,-,26575,-,-,-,25587,-,-,-,29770,-,-,-,27565,-,-,-,25721,-,-,25695,-,-,25636,-,-
VFR400_60_6,25415,25615,25415,missing,29762,-,-,-,27120,-,-,-,26346,-,-,-,29721,-,-,-,26267,-,-,-,29951,-,-,-,26090,-,-,-,25246,207.95738220214844,207.95738220214844,-,29755,-,-,-,26753,-,-,-,25420,-,-,25430,-,-,25331,-,-
VFR400_60_7,25358,25358,25603,missing,29874,-,-,-,27277,-,-,-,26805,-,-,-,30308,-,-,-,26803,-,-,-,30755,-,-,-,25972,-,-,-,25173,435.5461120605469,435.5461120605469,-,29889,-,-,-,27114,-,-,-,25462,-,-,25428,-,-,25410,-,-
VFR400_60_8,25372,25372,25673,missing,29837,-,-,-,27589,-,-,-,26449,-,-,-,30132,-,-,-,26809,-,-,-,30086,-,-,-,26674,-,-,-,25364,826.6395874023438,826.6395874023438,-,29883,-,-,-,27632,-,-,-,25672,-,-,25670,-,-,25616,-,-
VFR400_60_9,25541,25541,25658,missing,29661,-,-,-,27497,-,-,-,26623,-,-,-,30263,-,-,-,26864,-,-,-,29910,-,-,-,26386,-,-,-,25474,831.929931640625,831.929931640625,-,29942,-,-,-,27443,-,-,-,25755,-,-,25722,-,-,25639,-,-
VFR400_60_10,25549,25622,25549,missing,30219,-,-,-,27784,-,-,-,26851,-,-,-,30304,-,-,-,27005,-,-,-,30445,-,-,-,26579,-,-,-,25494,832.367431640625,832.367431640625,-,30183,-,-,-,27624,-,-,-,25706,-,-,25660,-,-,25626,-,-
VFR500_20_1,26253,26355,26374,26253,27433,-,-,-,26377,-,-,-,26507,-,-,-,27466,-,-,-,26577,-,-,-,27616,-,-,-,26558,-,-,-,26560,-,-,-,26657,-,-,-,26276,-,-,-,26397,-,-,26401,-,-,26380,-,-
VFR500_20_2,26043,26043,26359,26555,27930,-,-,-,26683,-,-,-,26850,-,-,-,27640,-,-,-,26815,-,-,-,27516,-,-,-,26896,-,-,-,26846,-,-,-,26991,-,-,-,26575,-,-,-,26665,-,-,26671,-,-,26620,-,-
VFR500_20_3,26080,26631,26080,26268,27456,-,-,-,26383,-,-,-,26649,-,-,-,26814,-,-,-,26651,-,-,-,26810,-,-,-,26671,-,-,-,26591,-,-,-,26743,-,-,-,26269,-,-,-,26378,-,-,26380,-,-,26363,-,-
VFR500_20_4,25994,26357,26759,25994,26935,-,-,-,26121,-,-,-,26319,-,-,-,27081,-,-,-,26374,-,-,-,27051,-,-,-,26446,-,-,-,26307,-,-,-,26639,-,-,-,25996,-,-,-,26082,-,-,26100,-,-,26086,-,-
VFR500_20_5,26058,26058,26411,26703,27762,-,-,-,26773,-,-,-,26903,-,-,-,27049,-,-,-,26903,-,-,-,27051,-,-,-,27000,-,-,-,27099,-,-,-,27184,-,-,-,26703,-,-,295.57623291015625,26747,-,-,26735,-,-,26733,-,-
VFR500_20_6,26325,26729,26409,26325,27574,-,-,-,26417,-,-,-,26734,-,-,-,27858,-,-,-,26906,-,-,-,27808,-,-,-,26836,-,-,-,26555,-,-,-,27036,-,-,-,26325,52.89511489868164,-,53.09699630737305,26408,-,-,26443,-,-,26428,-,-
VFR500_20_7,26305,26395,26305,26313,27422,-,-,-,26457,-,-,-,26635,-,-,-,26721,-,-,-,26713,-,-,-,26828,-,-,-,26718,-,-,-,26666,-,-,-,26889,-,-,-,26413,-,-,-,26415,-,-,26415,-,-,26401,-,-
VFR500_20_8,26217,26401,26430,26217,27355,-,-,-,26383,-,-,-,26489,-,-,-,26642,-,-,-,26409,-,-,-,26625,-,-,-,26475,-,-,-,26401,-,-,-,26691,-,-,-,26327,-,-,-,26305,-,-,26305,-,-,26305,-,-
VFR500_20_9,26034,26302,26034,26345,27652,-,-,-,26439,-,-,-,26813,-,-,-,27122,-,-,-,26809,-,-,-,27230,-,-,-,26642,-,-,-,26646,-,-,-,26830,-,-,-,26368,-,-,-,26457,-,-,26439,-,-,26416,-,-
VFR500_20_10,26345,26410,26641,26345,26980,-,-,-,26200,0.9967223405838013,0.9967223405838013,-,26411,-,-,-,27665,-,-,-,26312,295.86260986328125,295.86260986328125,-,27404,-,-,-,26431,-,-,-,26292,8.469788551330566,8.469788551330566,-,26432,-,-,-,26024,0.09926826506853104,0.09926826506853104,106.28292083740234,26065,-,-,26069,-,-,26052,-,-
VFR500_40_1,28362,28362,28402,missing,32792,-,-,-,30202,-,-,-,29448,-,-,-,29620,-,-,-,29521,-,-,-,29258,-,-,-,28615,-,-,-,28110,7.037445068359375,7.037445068359375,-,32873,-,-,-,30049,-,-,-,28434,-,-,28397,-,-,28367,-,-
VFR500_40_2,28526,28585,28526,missing,32346,-,-,-,29625,-,-,-,29223,-,-,-,33802,-,-,-,29490,-,-,-,33499,-,-,-,28657,-,-,-,28306,14.086627006530762,14.086627006530762,-,32296,-,-,-,29752,-,-,-,28660,-,-,28611,-,-,28574,-,-
VFR500_40_3,28503,28503,28615,missing,32818,-,-,-,29859,-,-,-,29150,-,-,-,31965,-,-,-,29516,-,-,-,32626,-,-,-,28398,239.18812561035156,239.18812561035156,-,28234,3.572305917739868,3.572305917739868,-,32559,-,-,-,29620,-,-,-,28536,-,-,28520,-,-,28436,-,-
VFR500_40_4,28374,28374,28579,missing,32314,-,-,-,30111,-,-,-,29182,-,-,-,32970,-,-,-,29162,-,-,-,33028,-,-,-,28638,-,-,-,28327,224.72825622558594,224.72825622558594,-,32442,-,-,-,29824,-,-,-,28656,-,-,28627,-,-,28562,-,-
VFR500_40_5,28432,28477,28432,missing,32765,-,-,-,29470,-,-,-,29391,-,-,-,32979,-,-,-,29563,-,-,-,32941,-,-,-,28570,-,-,-,28276,28.213708877563477,28.213708877563477,-,32843,-,-,-,29762,-,-,-,28615,-,-,28575,-,-,28530,-,-
VFR500_40_6,28543,28543,28553,missing,32511,-,-,-,29949,-,-,-,29021,-,-,-,33827,-,-,-,29083,-,-,-,33838,-,-,-,28418,241.81834411621094,241.81834411621094,-,28111,1.7244889736175537,1.7244889736175537,-,32431,-,-,-,29535,-,-,-,28431,-,-,28390,-,-,28347,-,-
VFR500_40_7,28248,28248,28488,missing,32968,-,-,-,30034,-,-,-,29565,-,-,-,29258,-,-,-,29654,-,-,-,29176,-,-,-,28509,-,-,-,28294,-,-,-,32930,-,-,-,29900,-,-,-,28619,-,-,28605,-,-,28545,-,-
VFR500_40_8,28486,28486,28640,missing,33031,-,-,-,29709,-,-,-,29304,-,-,-,32340,-,-,-,29369,-,-,-,32400,-,-,-,28703,-,-,-,28305,28.126708984375,28.126708984375,-,32831,-,-,-,30130,-,-,-,28503,-,-,28539,-,-,28481,-,-
VFR500_40_9,28435,28435,28644,missing,32548,-,-,-,30312,-,-,-,29339,-,-,-,33054,-,-,-,29308,-,-,-,33908,-,-,-,28550,-,-,-,28404,56.22274398803711,56.22274398803711,-,32529,-,-,-,30344,-,-,-,28696,-,-,28701,-,-,28629,-,-
VFR500_40_10,28613,28640,28613,missing,32354,-,-,-,29719,-,-,-,29115,-,-,-,33785,-,-,-,28972,-,-,-,33690,-,-,-,28583,479.2757873535156,479.2757873535156,-,28322,7.143674373626709,7.143674373626709,-,32555,-,-,-,29697,-,-,-,28675,-,-,28639,-,-,28592,-,-
VFR500_60_1,30609,30609,30682,missing,35982,-,-,-,33105,-,-,-,32492,-,-,-,36241,-,-,-,32452,-,-,-,36164,-,-,-,31344,-,-,-,30263,82.10821533203125,82.11015319824219,-,35881,-,-,-,33168,-,-,-,30677,-,-,30688,-,-,30683,-,-
VFR500_60_2,30828,30828,30852,missing,35684,-,-,-,32850,-,-,-,32212,-,-,-,35254,-,-,-,32349,-,-,-,35550,-,-,-,31407,-,-,-,30328,40.86418914794922,40.86418914794922,-,35843,-,-,-,32593,-,-,-,30700,-,-,30654,-,-,30623,-,-
VFR500_60_3,30597,30597,30793,missing,36113,-,-,-,33577,-,-,-,32931,-,-,-,36258,-,-,-,32974,-,-,-,36236,-,-,-,31666,-,-,-,30494,322.5695495605469,322.5695495605469,-,36135,-,-,-,33437,-,-,-,30910,-,-,30827,-,-,30775,-,-
VFR500_60_4,30763,30823,30763,missing,36283,-,-,-,33067,-,-,-,32275,-,-,-,35440,-,-,-,32424,-,-,-,35891,-,-,-,31592,-,-,-,30512,88.27236938476562,88.27236938476562,-,36389,-,-,-,32712,-,-,-,30868,-,-,30844,-,-,30817,-,-
VFR500_60_5,30788,30796,30788,missing,35937,-,-,-,33482,-,-,-,32263,-,-,-,36716,-,-,-,32435,-,-,-,35531,-,-,-,31323,-,-,-,30371,80.7502212524414,80.7502212524414,-,35953,-,-,-,33339,-,-,-,30827,-,-,30794,-,-,30751,-,-
VFR500_60_6,30700,30700,30826,missing,36370,-,-,-,33745,-,-,-,32308,-,-,-,35571,-,-,-,32445,-,-,-,35804,-,-,-,31458,-,-,-,30507,161.26919555664062,161.26919555664062,-,36364,-,-,-,33488,-,-,-,30938,-,-,30928,-,-,30836,-,-
VFR500_60_7,30829,30829,30837,missing,35783,-,-,-,33234,-,-,-,32835,-,-,-,35899,-,-,-,32921,-,-,-,35657,-,-,-,31604,-,-,-,30406,20.693477630615234,20.693477630615234,-,36233,-,-,-,32988,-,-,-,30826,-,-,30781,-,-,30715,-,-
VFR500_60_8,30733,30733,30805,missing,36406,-,-,-,33480,-,-,-,32531,-,-,-,37040,-,-,-,32720,-,-,-,36825,-,-,-,31372,-,-,-,30389,81.03357696533203,81.03357696533203,-,36274,-,-,-,32901,-,-,-,30816,-,-,30771,-,-,30751,-,-
VFR500_60_9,30729,30729,30866,missing,35468,-,-,-,33201,-,-,-,31931,-,-,-,35791,-,-,-,32630,-,-,-,35405,-,-,-,31071,-,-,-,30393,160.51113891601562,160.51113891601562,-,35464,-,-,-,33224,-,-,-,30852,-,-,30852,-,-,30754,-,-
VFR500_60_10,30664,30785,30664,missing,35894,-,-,-,32554,-,-,-,32244,-,-,-,35709,-,-,-,32440,-,-,-,36141,-,-,-,31411,-,-,-,30552,1292.3809814453125,1292.3809814453125,-,35811,-,-,-,33044,-,-,-,30883,-,-,30854,-,-,30833,-,-
VFR600_20_1,31303,31359,31372,31303,32544,-,-,-,31402,-,-,-,31741,-,-,-,33209,-,-,-,31591,-,-,-,32740,-,-,-,31656,-,-,-,31523,-,-,-,31881,-,-,-,31303,44.554264068603516,-,52.190040588378906,31398,-,-,31381,-,-,31361,-,-
VFR600_20_2,31107,31107,31429,31281,32413,-,-,-,31553,-,-,-,31671,-,-,-,32944,-,-,-,31648,-,-,-,33381,-,-,-,31823,-,-,-,31684,-,-,-,31866,-,-,-,31281,-,-,369.3541259765625,31393,-,-,31389,-,-,31386,-,-
VFR600_20_3,31372,31372,31487,31374,32427,-,-,-,31492,-,-,-,31713,-,-,-,32396,-,-,-,31727,-,-,-,32622,-,-,-,31735,-,-,-,31670,-,-,-,31888,-,-,-,31374,-,-,24.917078018188477,31441,-,-,31421,-,-,31414,-,-
VFR600_20_4,31407,31412,31407,31417,32440,-,-,-,31653,-,-,-,31641,-,-,-,31826,-,-,-,31630,-,-,-,31832,-,-,-,31656,-,-,-,31679,-,-,-,31870,-,-,-,31440,-,-,-,31487,-,-,31507,-,-,31491,-,-
VFR600_20_5,31323,31480,31696,31323,32582,-,-,-,31509,-,-,-,31594,-,-,-,32163,-,-,-,31577,-,-,-,32056,-,-,-,31737,-,-,-,31657,-,-,-,31885,-,-,-,31476,-,-,-,31412,-,-,31403,-,-,31396,-,-
VFR600_20_6,31387,31387,31527,31613,32761,-,-,-,31839,-,-,-,32090,-,-,-,32253,-,-,-,32035,-,-,-,32306,-,-,-,31992,-,-,-,31973,-,-,-,32066,-,-,-,31613,-,-,165.65943908691406,31685,-,-,31693,-,-,31685,-,-
VFR600_20_7,31461,31668,31523,31461,32260,-,-,-,31498,-,-,-,32062,-,-,-,32947,-,-,-,31751,-,-,-,32688,-,-,-,31792,-,-,-,31885,-,-,-,31917,-,-,-,31461,81.10894775390625,-,81.79280853271484,31527,-,-,31527,-,-,31527,-,-
VFR600_20_8,31414,31483,31532,31414,32436,-,-,-,31503,-,-,-,31731,-,-,-,32743,-,-,-,31736,-,-,-,32943,-,-,-,31798,-,-,-,31700,-,-,-,31834,-,-,-,31425,-,-,-,31501,-,-,31492,-,-,31489,-,-
VFR600_20_9,31107,31465,31107,31473,32570,-,-,-,31533,-,-,-,31674,-,-,-,32539,-,-,-,31632,-,-,-,32219,-,-,-,31875,-,-,-,31931,-,-,-,31977,-,-,-,31477,-,-,-,31528,-,-,31528,-,-,31528,-,-
VFR600_20_10,31021,31514,31397,31021,32260,-,-,-,31131,-,-,-,31468,-,-,-,32309,-,-,-,31367,-,-,-,31952,-,-,-,31501,-,-,-,31264,-,-,-,31525,-,-,-,31021,16.49203872680664,-,16.64594268798828,31107,-,-,31113,-,-,31107,-,-
VFR600_40_1,33618,33618,33683,missing,38572,-,-,-,35160,-,-,-,34398,-,-,-,38023,-,-,-,34222,-,-,-,37680,-,-,-,33611,85.41351318359375,85.41351318359375,-,33337,5.240882873535156,5.240882873535156,-,38313,-,-,-,35264,-,-,-,33703,-,-,33620,-,-,33598,-,-
VFR600_40_2,33396,33396,33713,missing,37279,-,-,-,34777,-,-,-,34441,-,-,-,40016,-,-,-,34241,-,-,-,39855,-,-,-,33408,-,-,-,33155,5.0782575607299805,5.0782575607299805,-,37378,-,-,-,34765,-,-,-,33423,-,-,33386,-,-,33362,-,-
VFR600_40_3,33356,33356,33584,missing,38297,-,-,-,35378,-,-,-,34646,-,-,-,37504,-,-,-,34545,-,-,-,39889,-,-,-,33680,-,-,-,33404,-,-,-,38094,-,-,-,35364,-,-,-,33680,-,-,33660,-,-,33591,-,-
VFR600_40_4,33401,33612,33401,missing,38264,-,-,-,35054,-,-,-,34227,-,-,-,37913,-,-,-,34067,-,-,-,37770,-,-,-,33574,-,-,-,33231,10.233983039855957,10.233983039855957,-,38293,-,-,-,34777,-,-,-,33592,-,-,33574,-,-,33522,-,-
VFR600_40_5,33477,33477,33626,missing,37658,-,-,-,34963,-,-,-,34083,-,-,-,39462,-,-,-,34599,-,-,-,39694,-,-,-,33555,-,-,-,33157,2.5283913612365723,2.5283913612365723,-,37703,-,-,-,34809,-,-,-,33355,-,-,33325,-,-,33307,-,-
VFR600_40_6,33307,33307,33545,missing,38002,-,-,-,35281,-,-,-,34178,-,-,-,38756,-,-,-,34165,-,-,-,39209,-,-,-,33821,-,-,-,33420,-,-,-,37802,-,-,-,35006,-,-,-,33679,-,-,33657,-,-,33598,-,-
VFR600_40_7,33298,33552,33298,missing,38459,-,-,-,35375,-,-,-,34649,-,-,-,40053,-,-,-,34759,-,-,-,39760,-,-,-,33749,-,-,-,33320,-,-,-,37717,-,-,-,35204,-,-,-,33588,-,-,33536,-,-,33502,-,-
VFR600_40_8,33492,33492,33567,missing,38320,-,-,-,35104,-,-,-,34046,-,-,-,38063,-,-,-,34164,-,-,-,38117,-,-,-,33402,84.82864379882812,84.82864379882812,-,33052,1.2133733034133911,1.2133733034133911,-,38096,-,-,-,34590,-,-,-,33400,-,-,33366,-,-,33303,-,-
VFR600_40_9,33282,33282,33473,missing,38265,-,-,-,35141,-,-,-,34176,-,-,-,39374,-,-,-,34087,-,-,-,39301,-,-,-,33691,-,-,-,33268,81.08695983886719,81.08695983886719,-,38473,-,-,-,35346,-,-,-,33530,-,-,33492,-,-,33445,-,-
VFR600_40_10,33405,33422,33405,missing,37873,-,-,-,35164,-,-,-,34300,-,-,-,39425,-,-,-,34293,-,-,-,39446,-,-,-,33776,-,-,-,33257,20.346574783325195,20.346574783325195,-,37594,-,-,-,35186,-,-,-,33511,-,-,33462,-,-,33417,-,-
VFR600_60_1,35863,35863,35976,missing,42190,-,-,-,39153,-,-,-,37148,-,-,-,37558,-,-,-,37312,-,-,-,37714,-,-,-,36511,-,-,-,35450,29.200611114501953,29.200611114501953,-,42085,-,-,-,38094,-,-,-,35996,-,-,35939,-,-,35867,-,-
VFR600_60_2,35804,35804,35917,missing,41824,-,-,-,38279,-,-,-,37471,-,-,-,42313,-,-,-,37702,-,-,-,42062,-,-,-,36408,-,-,-,35450,58.708003997802734,58.708003997802734,-,41593,-,-,-,38503,-,-,-,35896,-,-,35863,-,-,35796,-,-
VFR600_60_3,35791,35791,36000,missing,41903,-,-,-,38397,-,-,-,37295,-,-,-,41692,-,-,-,37429,-,-,-,42214,-,-,-,36579,-,-,-,35584,234.11846923828125,234.11846923828125,-,41782,-,-,-,38501,-,-,-,36074,-,-,36009,-,-,35958,-,-
VFR600_60_4,35896,35896,36004,missing,42042,-,-,-,38943,-,-,-,37545,-,-,-,42590,-,-,-,37886,-,-,-,42535,-,-,-,36446,-,-,-,35454,29.12543487548828,29.12543487548828,-,41885,-,-,-,38457,-,-,-,35957,-,-,35946,-,-,35855,-,-
VFR600_60_5,35883,35883,35943,missing,42383,-,-,-,38529,-,-,-,38019,-,-,-,41425,-,-,-,38026,-,-,-,40267,-,-,-,36592,-,-,-,35466,58.14647674560547,58.14647674560547,-,41881,-,-,-,38104,-,-,-,35991,-,-,35990,-,-,35888,-,-
VFR600_60_6,35929,35929,35965,missing,42350,-,-,-,38740,-,-,-,37924,-,-,-,42582,-,-,-,38016,-,-,-,42284,-,-,-,36685,-,-,-,35370,58.259979248046875,58.259979248046875,-,42120,-,-,-,38848,-,-,-,35971,-,-,35929,-,-,35844,-,-
VFR600_60_7,35828,35828,35894,missing,42658,-,-,-,38752,-,-,-,37722,-,-,-,37625,-,-,-,38076,-,-,-,37544,-,-,-,36598,-,-,-,35500,117.98623657226562,117.98623657226562,-,41864,-,-,-,38517,-,-,-,36093,-,-,36017,-,-,36009,-,-
VFR600_60_8,35882,35882,35987,missing,41849,-,-,-,39099,-,-,-,38147,-,-,-,37998,-,-,-,38347,-,-,-,37756,-,-,-,36860,-,-,-,35368,28.913965225219727,28.913965225219727,-,41952,-,-,-,38558,-,-,-,36015,-,-,35978,-,-,35932,-,-
VFR600_60_9,35784,35784,35943,missing,42003,-,-,-,39162,-,-,-,38166,-,-,-,38078,-,-,-,38343,-,-,-,37675,-,-,-,36609,-,-,-,35466,118.1299057006836,118.1299057006836,-,42234,-,-,-,39184,-,-,-,36043,-,-,35980,-,-,35906,-,-
VFR600_60_10,35923,35935,35923,missing,42042,-,-,-,38556,-,-,-,37168,-,-,-,42562,-,-,-,37552,-,-,-,42804,-,-,-,36532,-,-,-,35366,14.478662490844727,14.478662490844727,-,41835,-,-,-,38297,-,-,-,36032,-,-,36026,-,-,35926,-,-
VFR700_20_1,36285,36354,36388,36285,37414,-,-,-,36419,-,-,-,36814,-,-,-,37544,-,-,-,36747,-,-,-,37474,-,-,-,36981,-,-,-,36759,-,-,-,36772,-,-,-,36294,-,-,-,36372,-,-,36354,-,-,36355,-,-
VFR700_20_2,36220,36376,36519,36220,37308,-,-,-,36330,-,-,-,36557,-,-,-,36786,-,-,-,36558,-,-,-,36800,-,-,-,36554,-,-,-,36721,-,-,-,36947,-,-,-,36226,-,-,-,36316,-,-,36316,-,-,36316,-,-
VFR700_20_3,36303,36303,36380,36419,37605,-,-,-,36485,-,-,-,36862,-,-,-,37663,-,-,-,36761,-,-,-,37673,-,-,-,37111,-,-,-,36829,-,-,-,37040,-,-,-,36534,-,-,-,36507,-,-,36521,-,-,36509,-,-
VFR700_20_4,36361,36487,36556,36361,37564,-,-,-,36363,-,-,-,36667,-,-,-,37448,-,-,-,36623,-,-,-,37267,-,-,-,36796,-,-,-,36782,-,-,-,36705,-,-,-,36361,16.310075759887695,-,18.827064514160156,36404,-,-,36413,-,-,36385,-,-
VFR700_20_5,36379,36379,36645,36496,37600,-,-,-,36621,-,-,-,36855,-,-,-,36904,-,-,-,36943,-,-,-,36980,-,-,-,37146,-,-,-,36867,-,-,-,37013,-,-,-,36496,-,-,125.75119018554688,36616,-,-,36594,-,-,36578,-,-
VFR700_20_6,36547,36547,36597,36556,37813,-,-,-,36615,-,-,-,36903,-,-,-,37736,-,-,-,36906,-,-,-,37569,-,-,-,37339,-,-,-,36899,-,-,-,37213,-,-,-,36556,-,-,91.74717712402344,36634,-,-,36628,-,-,36607,-,-
VFR700_20_7,36492,36610,36492,36540,37781,-,-,-,36656,-,-,-,36813,-,-,-,37491,-,-,-,36869,-,-,-,37463,-,-,-,37046,-,-,-,36901,-,-,-,36916,-,-,-,36540,-,-,54.397743225097656,36621,-,-,36617,-,-,36608,-,-
VFR700_20_8,36315,36609,36315,36418,37665,-,-,-,36554,-,-,-,36883,-,-,-,37398,-,-,-,36912,-,-,-,37161,-,-,-,36994,-,-,-,36775,-,-,-,37420,-,-,-,36418,-,-,58.7402229309082,36499,-,-,36481,-,-,36484,-,-
VFR700_20_9,36212,36481,36386,36212,37290,-,-,-,36329,-,-,-,36643,-,-,-,37670,-,-,-,36794,-,-,-,37445,-,-,-,36610,-,-,-,36576,-,-,-,36734,-,-,-,36215,-,-,-,36321,-,-,36310,-,-,36296,-,-
VFR700_20_10,36290,36290,36316,36362,37510,-,-,-,36637,-,-,-,36593,-,-,-,36741,-,-,-,36552,-,-,-,36740,-,-,-,36738,-,-,-,36800,-,-,-,36550,-,-,-,36362,-,-,64.49014282226562,36384,-,-,36384,-,-,36374,-,-
VFR700_40_1,38720,38720,38767,missing,43298,-,-,-,40525,-,-,-,39191,-,-,-,44225,-,-,-,39396,-,-,-,44151,-,-,-,38710,470.1572265625,470.1572265625,-,38501,6.935862064361572,6.935862064361572,-,43314,-,-,-,40141,-,-,-,38767,-,-,38748,-,-,38707,-,-
VFR700_40_2,38460,38647,38460,missing,43349,-,-,-,40099,-,-,-,39291,-,-,-,38743,-,-,-,39239,-,-,-,38733,-,-,-,38436,233.6190948486328,233.6190948486328,-,38246,6.919602870941162,6.919602870941162,-,43669,-,-,-,40378,-,-,-,38633,-,-,38580,-,-,38521,-,-
VFR700_40_3,38499,38499,38597,missing,43895,-,-,-,40577,-,-,-,39217,-,-,-,45485,-,-,-,39419,-,-,-,44277,-,-,-,38288,234.8594512939453,234.8594512939453,-,38127,3.360630512237549,3.360630512237549,-,43812,-,-,-,40543,-,-,-,38445,-,-,38452,-,-,38371,-,-
VFR700_40_4,38393,38393,38490,missing,42792,-,-,-,40518,-,-,-,38971,-,-,-,44944,-,-,-,39325,-,-,-,44733,-,-,-,38541,-,-,-,38386,446.183837890625,446.183837890625,-,42509,-,-,-,40352,-,-,-,38695,-,-,38668,-,-,38611,-,-
VFR700_40_5,38440,38593,38440,missing,43599,-,-,-,40658,-,-,-,39206,-,-,-,40352,-,-,-,39093,-,-,-,39816,-,-,-,38448,-,-,-,38250,6.874228477478027,6.874228477478027,-,43307,-,-,-,39973,-,-,-,38490,-,-,38515,-,-,38449,-,-
VFR700_40_6,38355,38430,38355,missing,43130,-,-,-,39800,-,-,-,39579,-,-,-,45761,-,-,-,39812,-,-,-,44700,-,-,-,38542,-,-,-,38203,55.23754119873047,55.23754119873047,-,43219,-,-,-,39721,-,-,-,38440,-,-,38437,-,-,38388,-,-
VFR700_40_7,38336,38336,38817,missing,43540,-,-,-,40008,-,-,-,38952,-,-,-,45187,-,-,-,38836,-,-,-,43856,-,-,-,38294,117.24168395996094,117.24168395996094,-,38056,13.579117774963379,13.579117774963379,-,43599,-,-,-,40051,-,-,-,38390,-,-,38368,-,-,38312,-,-
VFR700_40_8,38287,38287,38569,missing,43839,-,-,-,40144,-,-,-,39497,-,-,-,44041,-,-,-,39538,-,-,-,45402,-,-,-,38660,-,-,-,38691,-,-,-,43849,-,-,-,40102,-,-,-,38852,-,-,38836,-,-,38773,-,-
VFR700_40_9,38712,38766,38712,missing,43594,-,-,-,40073,-,-,-,39296,-,-,-,40041,-,-,-,39246,-,-,-,40127,-,-,-,38539,116.5105972290039,116.5105972290039,-,38411,1.6209288835525513,1.6209288835525513,-,43444,-,-,-,39661,-,-,-,38612,-,-,38565,-,-,38527,-,-
VFR700_40_10,38452,38452,38560,missing,43464,-,-,-,40426,-,-,-,40178,-,-,-,44763,-,-,-,40364,-,-,-,45103,-,-,-,38673,-,-,-,38564,-,-,-,43309,-,-,-,40012,-,-,-,38759,-,-,38735,-,-,38632,-,-
VFR700_60_1,41125,41125,41192,missing,47526,-,-,-,44433,-,-,-,43182,-,-,-,49233,-,-,-,42867,-,-,-,48080,-,-,-,41509,-,-,-,40438,39.30219650268555,39.30219650268555,-,47191,-,-,-,44623,-,-,-,41238,-,-,41233,-,-,41107,-,-
VFR700_60_2,41093,41093,41173,missing,47377,-,-,-,44293,-,-,-,43159,-,-,-,48520,-,-,-,43022,-,-,-,47505,-,-,-,41830,-,-,-,40588,39.335853576660156,39.335853576660156,-,47284,-,-,-,43069,-,-,-,41157,-,-,41090,-,-,41028,-,-
VFR700_60_3,41008,41008,41120,missing,47483,-,-,-,44309,-,-,-,42769,-,-,-,48389,-,-,-,42800,-,-,-,47470,-,-,-,41376,-,-,-,40450,20.017974853515625,20.017974853515625,-,47669,-,-,-,43595,-,-,-,41105,-,-,41084,-,-,41038,-,-
VFR700_60_4,40961,40961,41167,missing,47715,-,-,-,43901,-,-,-,42989,-,-,-,48169,-,-,-,42480,-,-,-,47731,-,-,-,41423,-,-,-,40472,84.79583740234375,84.79583740234375,-,47248,-,-,-,43830,-,-,-,41122,-,-,41086,-,-,41068,-,-
VFR700_60_5,41070,41070,41159,missing,47673,-,-,-,44453,-,-,-,43345,-,-,-,48324,-,-,-,43312,-,-,-,47641,-,-,-,41842,-,-,-,40367,40.195396423339844,40.195396423339844,-,47890,-,-,-,44522,-,-,-,41168,-,-,41128,-,-,41057,-,-
VFR700_60_6,40734,41022,40734,missing,47608,-,-,-,44385,-,-,-,42815,-,-,-,47331,-,-,-,42681,-,-,-,47887,-,-,-,41551,-,-,-,40396,78.91696166992188,78.91696166992188,-,47690,-,-,-,44039,-,-,-,41088,-,-,41010,-,-,40970,-,-
VFR700_60_7,40994,40994,41305,missing,47608,-,-,-,43675,-,-,-,42858,-,-,-,46171,-,-,-,42766,-,-,-,47771,-,-,-,40699,163.5269012451172,163.5269012451172,-,40028,9.84138011932373,9.84138011932373,-,47911,-,-,-,43977,-,-,-,40704,-,-,40652,-,-,40629,-,-
VFR700_60_8,40572,40572,41111,missing,47569,-,-,-,44575,-,-,-,43083,-,-,-,47374,-,-,-,43240,-,-,-,47790,-,-,-,41656,-,-,-,40650,-,-,-,47668,-,-,-,44205,-,-,-,41323,-,-,41249,-,-,41170,-,-
VFR700_60_9,41121,41121,41186,missing,47865,-,-,-,44184,-,-,-,42899,-,-,-,48530,-,-,-,42805,-,-,-,48448,-,-,-,41445,-,-,-,40367,10.143587112426758,10.143587112426758,-,47737,-,-,-,44611,-,-,-,41086,-,-,41036,-,-,40980,-,-
VFR700_60_10,40930,40930,41002,missing,47954,-,-,-,44180,-,-,-,42859,-,-,-,43418,-,-,-,42947,-,-,-,43156,-,-,-,41487,-,-,-,40480,79.809326171875,79.809326171875,-,47892,-,-,-,43981,-,-,-,41204,-,-,41175,-,-,41100,-,-
VFR800_20_1,41413,41477,41479,41413,42765,-,-,-,41601,-,-,-,41702,-,-,-,41894,-,-,-,41735,-,-,-,41895,-,-,-,42008,-,-,-,41764,-,-,-,41942,-,-,-,41415,-,-,-,41503,-,-,41535,-,-,41501,-,-
VFR800_20_2,41282,41561,41399,41282,42475,-,-,-,41429,-,-,-,41602,-,-,-,42074,-,-,-,41612,-,-,-,41963,-,-,-,41884,-,-,-,41611,-,-,-,41697,-,-,-,41282,332.590087890625,-,467.3711242675781,41351,-,-,41351,-,-,41337,-,-
VFR800_20_3,41319,41337,41426,41319,42542,-,-,-,41366,-,-,-,41667,-,-,-,42535,-,-,-,41615,-,-,-,42243,-,-,-,41659,-,-,-,41577,-,-,-,41915,-,-,-,41319,133.96670532226562,-,134.6178741455078,41406,-,-,41389,-,-,41389,-,-
VFR800_20_4,41362,41362,41705,41375,42718,-,-,-,41617,-,-,-,41758,-,-,-,41901,-,-,-,41808,-,-,-,41915,-,-,-,41944,-,-,-,41892,-,-,-,41625,-,-,-,41433,-,-,-,41426,-,-,41426,-,-,41426,-,-
VFR800_20_5,41426,41426,41961,41626,42928,-,-,-,41757,-,-,-,42111,-,-,-,42980,-,-,-,42111,-,-,-,42852,-,-,-,42234,-,-,-,41939,-,-,-,42403,-,-,-,41626,-,-,113.0967025756836,41710,-,-,41710,-,-,41705,-,-
VFR800_20_6,41395,41702,41395,41919,42987,-,-,-,41919,-,-,19.603221893310547,42422,-,-,-,42925,-,-,-,42466,-,-,-,43151,-,-,-,42671,-,-,-,42334,-,-,-,42519,-,-,-,41919,-,-,42.394500732421875,41972,-,-,41953,-,-,41953,-,-
VFR800_20_7,41342,41959,41435,41342,42462,-,-,-,41681,-,-,-,41607,-,-,-,41727,-,-,-,41582,-,-,-,41675,-,-,-,41694,-,-,-,41666,-,-,-,41557,-,-,-,41352,-,-,-,41402,-,-,41379,-,-,41379,-,-
VFR800_20_8,41379,41379,41783,41390,42446,-,-,-,41517,-,-,-,41979,-,-,-,42590,-,-,-,42026,-,-,-,42609,-,-,-,42113,-,-,-,41950,-,-,-,42048,-,-,-,41394,-,-,720.0009765625,41457,-,-,41433,-,-,41420,-,-
VFR800_20_9,41429,41429,41568,41697,42757,-,-,-,41697,-,-,78.19007110595703,42035,-,-,-,43235,-,-,-,42042,-,-,-,43261,-,-,-,42260,-,-,-,42033,-,-,-,42177,-,-,-,41697,-,-,82.29535675048828,41791,-,-,41783,-,-,41783,-,-
VFR800_20_10,41345,41753,41345,41489,42915,-,-,-,41670,-,-,-,41875,-,-,-,42317,-,-,-,41873,-,-,-,42336,-,-,-,41867,-,-,-,41844,-,-,-,41925,-,-,-,41489,-,-,42.018733978271484,41570,-,-,41561,-,-,41564,-,-
VFR800_40_1,43456,43456,43466,missing,47764,-,-,-,44487,-,-,-,44589,-,-,-,50839,-,-,-,44515,-,-,-,50625,-,-,-,43593,-,-,-,43219,18.075641632080078,18.075641632080078,-,47995,-,-,-,45354,-,-,-,43551,-,-,43504,-,-,43446,-,-
VFR800_40_2,43592,43592,43596,missing,48489,-,-,-,45247,-,-,-,43972,-,-,-,50196,-,-,-,43954,-,-,-,49123,-,-,-,43427,609.6314086914062,609.6314086914062,-,43324,4.415815353393555,4.415815353393555,-,48270,-,-,-,45309,-,-,-,43632,-,-,43563,-,-,43557,-,-
VFR800_40_3,43483,43483,43743,missing,48697,-,-,-,45264,-,-,-,44140,-,-,-,51956,-,-,-,44336,-,-,-,50754,-,-,-,43551,-,-,-,43233,4.396679401397705,4.396679401397705,-,48917,-,-,-,45066,-,-,-,43546,-,-,43567,-,-,43465,-,-
VFR800_40_4,43512,43512,43794,missing,48400,-,-,-,45147,-,-,-,44724,-,-,-,51933,-,-,-,44412,-,-,-,51201,-,-,-,43629,-,-,-,43430,287.3123474121094,287.3123474121094,-,48471,-,-,-,44981,-,-,-,43763,-,-,43711,-,-,43675,-,-
VFR800_40_5,43557,43557,43638,missing,48461,-,-,-,46109,-,-,-,45126,-,-,-,45120,-,-,-,45211,-,-,-,45161,-,-,-,43911,-,-,-,43510,1152.490234375,1152.490234375,-,48299,-,-,-,45670,-,-,-,43761,-,-,43718,-,-,43657,-,-
VFR800_40_6,43484,43635,43484,missing,48400,-,-,-,45746,-,-,-,44061,-,-,-,48173,-,-,-,44055,-,-,-,49718,-,-,-,43487,-,-,-,43226,8.897285461425781,8.897285461425781,-,48404,-,-,-,45450,-,-,-,43672,-,-,43654,-,-,43575,-,-
VFR800_40_7,43549,43549,43666,missing,48539,-,-,-,45553,-,-,-,43959,-,-,-,50285,-,-,-,44248,-,-,-,49908,-,-,-,43354,75.20833587646484,75.20833587646484,-,43307,2.1826741695404053,2.1826741695404053,-,48355,-,-,-,45455,-,-,-,43534,-,-,43489,-,-,43445,-,-
VFR800_40_8,43458,43458,43643,missing,48571,-,-,-,45222,-,-,-,44974,-,-,-,50350,-,-,-,44908,-,-,-,49205,-,-,-,43765,-,-,-,43335,143.52955627441406,143.52955627441406,-,48102,-,-,-,44615,-,-,-,43687,-,-,43615,-,-,43572,-,-
VFR800_40_9,43548,43548,43630,missing,48117,-,-,-,45454,-,-,-,44298,-,-,-,48674,-,-,-,44346,-,-,-,48378,-,-,-,43612,-,-,-,43387,8.942146301269531,8.942146301269531,-,48279,-,-,-,45269,-,-,-,43619,-,-,43588,-,-,43505,-,-
VFR800_40_10,43497,43497,43575,missing,47954,-,-,-,44821,-,-,-,45004,-,-,-,51272,-,-,-,45098,-,-,-,50507,-,-,-,43652,-,-,-,43321,36.06268310546875,36.06268310546875,-,48073,-,-,-,45091,-,-,-,43665,-,-,43625,-,-,43588,-,-
VFR800_60_1,46130,46130,46279,missing,53522,-,-,-,49635,-,-,-,48154,-,-,-,54702,-,-,-,48486,-,-,-,55264,-,-,-,46330,-,-,-,45402,51.58673095703125,51.58673095703125,-,53131,-,-,-,49927,-,-,-,46255,-,-,46217,-,-,46126,-,-
VFR800_60_2,46004,46004,46258,missing,53701,-,-,-,49918,-,-,-,47826,-,-,-,53456,-,-,-,48134,-,-,-,53531,-,-,-,46030,-,-,-,45551,51.86476135253906,51.86476135253906,-,53579,-,-,-,49520,-,-,-,46317,-,-,46273,-,-,46176,-,-
VFR800_60_3,46164,46164,46261,missing,52889,-,-,-,48971,-,-,-,48341,-,-,-,53492,-,-,-,48272,-,-,-,54326,-,-,-,46364,-,-,-,45494,12.821723937988281,12.821723937988281,-,53333,-,-,-,49057,-,-,-,46264,-,-,46195,-,-,46160,-,-
VFR800_60_4,46108,46108,46164,missing,53189,-,-,-,49708,-,-,-,48101,-,-,-,52926,-,-,-,48095,-,-,-,53195,-,-,-,46510,-,-,-,45454,25.919614791870117,25.919614791870117,-,53588,-,-,-,49133,-,-,-,46229,-,-,46203,-,-,46148,-,-
VFR800_60_5,46035,46035,46288,missing,52644,-,-,-,49781,-,-,-,47898,-,-,-,52580,-,-,-,48004,-,-,-,52945,-,-,-,46233,-,-,-,45382,25.743478775024414,25.743478775024414,-,52751,-,-,-,49600,-,-,-,46224,-,-,46206,-,-,46110,-,-
VFR800_60_6,46061,46101,46061,missing,54128,-,-,-,49912,-,-,-,49156,-,-,-,53975,-,-,-,49285,-,-,-,53892,-,-,-,46305,-,-,-,45384,25.739376068115234,25.739376068115234,-,54108,-,-,-,50056,-,-,-,46250,-,-,46228,-,-,46151,-,-
VFR800_60_7,46110,46110,46257,missing,53188,-,-,-,49649,-,-,-,48299,-,-,-,54249,-,-,-,48761,-,-,-,53346,-,-,-,46319,-,-,-,45423,12.751394271850586,12.751394271850586,-,53510,-,-,-,49273,-,-,-,46167,-,-,46107,-,-,46060,-,-
VFR800_60_8,45986,45986,46279,missing,52846,-,-,-,50037,-,-,-,48039,-,-,-,53010,-,-,-,48112,-,-,-,53079,-,-,-,46055,-,-,-,45465,54.92460250854492,54.92460250854492,-,53184,-,-,-,49679,-,-,-,46328,-,-,46324,-,-,46207,-,-
VFR800_60_9,46136,46136,46211,missing,53174,-,-,-,49811,-,-,-,48369,-,-,-,53223,-,-,-,48552,-,-,-,52793,-,-,-,46305,-,-,-,45591,102.95068359375,102.95068359375,-,53698,-,-,-,50036,-,-,-,46362,-,-,46306,-,-,46254,-,-
VFR800_60_10,46226,46226,46232,missing,52941,-,-,-,49724,-,-,-,48077,-,-,-,53323,-,-,-,48291,-,-,-,54029,-,-,-,46220,855.9762573242188,855.9762573242188,-,45304,12.838327407836914,12.838327407836914,-,53292,-,-,-,50099,-,-,-,46109,-,-,46122,-,-,46026,-,-
